date,1_month,2_month,3_month,6_month,1_year,2_year,3_year,5_year,7_year,10_year,20_year,30_year
4/3/2025,4.36,4.38,4.31,4.2,3.92,3.71,3.68,3.75,3.88,4.06,4.51,4.49
4/4/2025,4.36,4.36,4.28,4.14,3.86,3.68,3.66,3.72,3.84,4.01,4.44,4.41
4/7/2025,4.36,4.36,4.29,4.14,3.86,3.73,3.72,3.82,3.97,4.15,4.61,4.58
4/8/2025,4.36,4.37,4.31,4.14,3.83,3.71,3.71,3.88,4.05,4.26,4.76,4.71
4/9/2025,4.36,4.37,4.35,4.23,4.03,3.91,3.91,4.06,4.2,4.34,4.78,4.72
4/10/2025,4.36,4.39,4.34,4.17,3.97,3.84,3.85,4.04,4.21,4.4,4.9,4.86
4/11/2025,4.37,4.38,4.34,4.21,4.04,3.96,3.98,4.15,4.32,4.48,4.91,4.85
4/14/2025,4.34,4.37,4.33,4.21,3.99,3.84,3.87,4.02,4.2,4.38,4.84,4.8
4/15/2025,4.35,4.36,4.33,4.21,3.99,3.84,3.85,3.98,4.15,4.35,4.82,4.79
4/16/2025,4.35,4.35,4.33,4.2,3.96,3.77,3.77,3.91,4.08,4.29,4.77,4.74
4/17/2025,4.36,4.38,4.34,4.22,3.99,3.81,3.82,3.95,4.13,4.34,4.82,4.8
4/21/2025,4.35,4.37,4.34,4.21,3.95,3.75,3.77,3.97,4.19,4.42,4.94,4.91
4/22/2025,4.33,4.35,4.33,4.21,3.98,3.76,3.82,3.98,4.19,4.41,4.9,4.88
4/23/2025,4.33,4.34,4.33,4.22,4.01,3.81,3.87,4,4.2,4.4,4.86,4.83
4/24/2025,4.34,4.37,4.32,4.22,3.97,3.77,3.8,3.91,4.11,4.32,4.79,4.77
4/25/2025,4.34,4.36,4.32,4.22,3.95,3.74,3.76,3.88,4.06,4.29,4.75,4.74
4/28/2025,4.35,4.37,4.32,4.22,3.92,3.67,3.67,3.81,4.01,4.23,4.71,4.69
4/29/2025,4.35,4.36,4.31,4.2,3.89,3.65,3.65,3.77,3.96,4.19,4.66,4.64
4/30/2025,4.35,4.36,4.31,4.19,3.85,3.6,3.58,3.72,3.93,4.17,4.68,4.66
5/1/2025,4.38,4.34,4.31,4.22,3.92,3.7,3.69,3.81,4.02,4.25,4.75,4.74
5/2/2025,4.38,4.34,4.33,4.26,4,3.83,3.82,3.92,4.11,4.33,4.81,4.79
5/5/2025,4.38,4.34,4.33,4.27,4.02,3.83,3.78,3.95,4.14,4.36,4.84,4.83
5/6/2025,4.37,4.33,4.33,4.25,3.98,3.78,3.73,3.9,4.1,4.3,4.82,4.81
5/7/2025,4.37,4.33,4.34,4.27,4,3.78,3.72,3.87,4.06,4.26,4.78,4.77
5/8/2025,4.37,4.35,4.34,4.28,4.05,3.9,3.85,4,4.18,4.37,4.86,4.83
5/9/2025,4.37,4.34,4.34,4.28,4.05,3.88,3.85,4,4.18,4.37,4.86,4.83
5/12/2025,4.38,4.36,4.42,4.29,4.11,3.98,3.97,4.09,4.27,4.45,4.92,4.89
5/13/2025,4.39,4.35,4.41,4.29,4.11,4.02,4,4.12,4.3,4.49,4.97,4.94
5/14/2025,4.39,4.36,4.41,4.3,4.14,4.05,4.05,4.17,4.35,4.53,5,4.97
5/15/2025,4.37,4.35,4.38,4.29,4.1,3.96,3.95,4.07,4.25,4.45,4.93,4.91
5/16/2025,4.37,4.34,4.37,4.3,4.13,3.98,3.95,4.06,4.24,4.43,4.92,4.89
5/19/2025,4.37,4.35,4.39,4.32,4.12,3.97,3.95,4.07,4.26,4.46,4.95,4.92
5/20/2025,4.36,4.34,4.38,4.32,4.12,3.97,3.95,4.07,4.27,4.48,4.99,4.96
5/21/2025,4.35,4.34,4.36,4.33,4.13,4,4,4.15,4.37,4.58,5.08,5.08
5/22/2025,4.37,4.35,4.37,4.34,4.13,4,3.99,4.11,4.32,4.54,5.05,5.05
5/23/2025,4.36,4.35,4.36,4.35,4.15,4,3.96,4.08,4.29,4.51,5.03,5.04
5/27/2025,4.35,4.35,4.35,4.35,4.14,3.92,3.93,4.04,4.22,4.43,4.95,4.94
5/28/2025,4.35,4.35,4.35,4.36,4.16,3.96,3.95,4.05,4.27,4.47,4.99,4.97
5/29/2025,4.34,4.35,4.36,4.36,4.13,3.92,3.91,4,4.2,4.43,4.94,4.92
5/30/2025,4.33,4.35,4.36,4.36,4.11,3.89,3.87,3.96,4.18,4.41,4.93,4.92
6/2/2025,4.33,4.36,4.44,4.31,4.12,3.94,3.91,4.01,4.22,4.46,5,4.99
6/3/2025,4.33,4.35,4.43,4.31,4.12,3.96,3.93,4.04,4.23,4.46,5,4.98
6/4/2025,4.32,4.35,4.44,4.29,4.06,3.87,3.84,3.93,4.14,4.37,4.9,4.89
6/5/2025,4.26,4.35,4.44,4.29,4.08,3.92,3.9,3.99,4.18,4.4,4.9,4.88
6/6/2025,4.28,4.35,4.43,4.31,4.14,4.04,4.02,4.13,4.31,4.51,4.99,4.97
6/9/2025,4.29,4.36,4.44,4.32,4.13,4.01,3.99,4.09,4.28,4.49,4.98,4.95
6/10/2025,4.29,4.37,4.45,4.32,4.12,4.01,3.95,4.08,4.27,4.47,4.96,4.93
6/11/2025,4.3,4.39,4.45,4.31,4.08,3.94,3.89,4.02,4.21,4.41,4.93,4.91
6/12/2025,4.18,4.49,4.46,4.29,4.06,3.9,3.85,3.97,4.15,4.36,4.86,4.84
6/13/2025,4.23,4.48,4.45,4.3,4.09,3.96,3.9,4.02,4.2,4.41,4.93,4.9
6/16/2025,4.24,4.47,4.43,4.32,4.1,3.97,3.93,4.04,4.23,4.46,4.97,4.96
6/17/2025,4.23,4.46,4.42,4.31,4.1,3.94,3.9,3.99,4.17,4.39,4.89,4.88
6/18/2025,4.2,4.58,4.42,4.33,4.1,3.94,3.89,3.98,4.17,4.38,4.89,4.88
6/20/2025,4.2,4.55,4.39,4.29,4.07,3.9,3.86,3.96,4.16,4.38,4.9,4.89
6/23/2025,4.2,4.52,4.38,4.28,4,3.84,3.8,3.91,4.1,4.34,4.87,4.87
6/24/2025,4.21,4.44,4.38,4.27,3.99,3.75,3.75,3.86,4.06,4.3,4.83,4.83
6/25/2025,4.21,4.43,4.38,4.26,3.99,3.74,3.74,3.83,4.05,4.29,4.83,4.83
6/26/2025,4.11,4.49,4.39,4.26,3.96,3.7,3.68,3.79,4,4.26,4.81,4.81
6/27/2025,4.19,4.49,4.39,4.26,3.97,3.73,3.72,3.83,4.03,4.29,4.85,4.85
6/30/2025,4.28,4.45,4.41,4.29,3.96,3.72,3.68,3.79,3.98,4.24,4.79,4.78
7/1/2025,4.32,4.42,4.4,4.29,3.98,3.78,3.75,3.84,4.03,4.26,4.79,4.78
7/2/2025,4.33,4.43,4.41,4.28,3.99,3.78,3.77,3.87,4.06,4.3,4.84,4.82
7/3/2025,4.35,4.5,4.42,4.34,4.07,3.88,3.84,3.94,4.12,4.35,4.87,4.86
7/7/2025,4.37,4.45,4.42,4.33,4.08,3.9,3.85,3.96,4.16,4.4,4.93,4.92
7/8/2025,4.36,4.46,4.42,4.34,4.11,3.9,3.86,3.99,4.18,4.42,4.95,4.94
7/9/2025,4.36,4.45,4.42,4.31,4.07,3.86,3.8,3.92,4.11,4.34,4.87,4.87
7/10/2025,4.36,4.47,4.42,4.31,4.07,3.86,3.82,3.93,4.12,4.35,4.87,4.86
7/11/2025,4.37,4.47,4.41,4.31,4.09,3.9,3.86,3.99,4.19,4.43,4.96,4.96
7/14/2025,4.37,4.46,4.42,4.31,4.08,3.9,3.86,3.98,4.19,4.43,4.97,4.97
7/15/2025,4.36,4.46,4.42,4.33,4.12,3.95,3.93,4.05,4.26,4.5,5.02,5.01
7/16/2025,4.36,4.45,4.41,4.31,4.08,3.88,3.86,3.99,4.21,4.46,5.01,5.01
7/17/2025,4.36,4.47,4.41,4.31,4.1,3.91,3.89,4.01,4.22,4.47,5.01,5.01
7/18/2025,4.35,4.46,4.4,4.3,4.08,3.88,3.84,3.96,4.18,4.44,4.99,5
7/21/2025,4.35,4.46,4.41,4.3,4.06,3.85,3.81,3.91,4.13,4.38,4.93,4.94
7/22/2025,4.37,4.45,4.41,4.3,4.05,3.83,3.77,3.88,4.09,4.35,4.9,4.9
7/23/2025,4.37,4.45,4.41,4.31,4.08,3.88,3.84,3.94,4.15,4.4,4.93,4.95
7/24/2025,4.37,4.46,4.42,4.32,4.1,3.91,3.87,3.98,4.18,4.43,4.95,4.96
7/25/2025,4.37,4.46,4.42,4.31,4.09,3.91,3.86,3.95,4.15,4.4,4.92,4.92
7/28/2025,4.4,4.45,4.4,4.3,4.09,3.91,3.87,3.96,4.18,4.42,4.95,4.96
7/29/2025,4.4,4.45,4.4,4.28,4.07,3.86,3.82,3.9,4.1,4.34,4.86,4.86
7/30/2025,4.41,4.45,4.41,4.31,4.12,3.94,3.89,3.96,4.15,4.38,4.9,4.89
7/31/2025,4.49,4.46,4.41,4.31,4.1,3.94,3.89,3.96,4.14,4.37,4.89,4.89
8/1/2025,4.49,4.44,4.35,4.16,3.87,3.69,3.67,3.77,3.97,4.23,4.79,4.81
8/4/2025,4.48,4.43,4.35,4.15,3.82,3.69,3.66,3.75,3.95,4.22,4.78,4.8
8/5/2025,4.49,4.41,4.34,4.16,3.92,3.72,3.63,3.77,3.97,4.22,4.77,4.78
8/6/2025,4.48,4.4,4.32,4.15,3.9,3.69,3.63,3.77,3.97,4.22,4.8,4.81
8/7/2025,4.49,4.41,4.32,4.15,3.92,3.72,3.66,3.79,3.99,4.23,4.81,4.81
8/8/2025,4.48,4.39,4.32,4.15,3.93,3.76,3.7,3.84,4.03,4.27,4.84,4.85
8/11/2025,4.46,4.38,4.34,4.15,3.93,3.76,3.71,3.83,4.03,4.27,4.83,4.84
8/12/2025,4.44,4.35,4.33,4.12,3.9,3.72,3.69,3.83,4.03,4.29,4.87,4.88
8/13/2025,4.44,4.32,4.29,4.09,3.86,3.67,3.64,3.77,3.98,4.24,4.81,4.83
8/14/2025,4.48,4.36,4.3,4.12,3.91,3.74,3.7,3.82,4.03,4.29,4.86,4.88
8/15/2025,4.48,4.35,4.3,4.12,3.93,3.75,3.73,3.85,4.07,4.33,4.91,4.92
8/18/2025,4.47,4.35,4.33,4.13,3.93,3.77,3.73,3.86,4.07,4.34,4.92,4.94
8/19/2025,4.46,4.35,4.3,4.11,3.91,3.75,3.7,3.82,4.04,4.3,4.89,4.9
8/20/2025,4.45,4.35,4.3,4.11,3.9,3.74,3.69,3.81,4.02,4.29,4.86,4.89
8/21/2025,4.49,4.39,4.32,4.14,3.95,3.79,3.75,3.86,4.07,4.33,4.89,4.92
8/22/2025,4.47,4.36,4.27,4.08,3.87,3.68,3.64,3.76,3.98,4.26,4.84,4.88
8/25/2025,4.45,4.35,4.29,4.08,3.88,3.73,3.68,3.8,4.01,4.28,4.86,4.89
8/26/2025,4.42,4.34,4.28,4.06,3.85,3.61,3.63,3.75,3.98,4.26,4.86,4.9
8/27/2025,4.42,4.3,4.26,4.04,3.83,3.59,3.59,3.69,3.95,4.24,4.87,4.91
8/28/2025,4.42,4.31,4.26,4.04,3.85,3.62,3.6,3.69,3.92,4.22,4.83,4.88
8/29/2025,4.41,4.3,4.23,4.01,3.83,3.59,3.58,3.68,3.92,4.23,4.86,4.92
9/3/2025,4.35,4.26,4.18,3.96,3.77,3.61,3.58,3.69,3.92,4.22,4.85,4.9
9/4/2025,4.33,4.28,4.16,3.94,3.76,3.59,3.55,3.65,3.87,4.17,4.81,4.86
9/5/2025,4.29,4.24,4.07,3.85,3.65,3.51,3.48,3.59,3.8,4.1,4.72,4.78
9/8/2025,4.26,4.21,4.1,3.84,3.64,3.49,3.47,3.57,3.77,4.05,4.65,4.69
9/9/2025,4.25,4.22,4.1,3.85,3.68,3.54,3.48,3.61,3.81,4.08,4.68,4.72
9/10/2025,4.23,4.2,4.09,3.83,3.66,3.54,3.47,3.59,3.78,4.04,4.65,4.69
9/11/2025,4.22,4.18,4.08,3.82,3.63,3.52,3.47,3.59,3.76,4.01,4.61,4.65
9/12/2025,4.24,4.2,4.08,3.83,3.66,3.56,3.52,3.63,3.81,4.06,4.65,4.68
9/15/2025,4.22,4.17,4.06,3.81,3.64,3.54,3.5,3.61,3.79,4.05,4.63,4.66
9/16/2025,4.2,4.15,4.04,3.81,3.62,3.51,3.47,3.59,3.78,4.04,4.61,4.65
9/17/2025,4.17,4.11,4.02,3.8,3.6,3.52,3.51,3.62,3.81,4.06,4.62,4.66
9/18/2025,4.2,4.14,4.03,3.81,3.61,3.57,3.55,3.67,3.86,4.11,4.68,4.72
9/19/2025,4.19,4.14,4.03,3.81,3.6,3.57,3.56,3.68,3.88,4.14,4.71,4.75
9/22/2025,4.17,4.13,4,3.81,3.61,3.61,3.59,3.71,3.9,4.15,4.73,4.77
9/23/2025,4.16,4.12,4,3.81,3.61,3.53,3.57,3.68,3.87,4.12,4.7,4.73
9/24/2025,4.18,4.13,4.02,3.82,3.63,3.57,3.6,3.7,3.91,4.16,4.73,4.76
9/25/2025,4.24,4.18,4.04,3.85,3.68,3.64,3.66,3.75,3.94,4.18,4.73,4.75
9/26/2025,4.22,4.17,4.02,3.83,3.67,3.63,3.66,3.76,3.96,4.2,4.74,4.77
9/29/2025,4.22,4.16,4.04,3.84,3.65,3.63,3.63,3.74,3.92,4.15,4.69,4.71
9/30/2025,4.2,4.15,4.02,3.83,3.68,3.6,3.61,3.74,3.93,4.16,4.71,4.73
10/1/2025,4.17,4.12,4.01,3.8,3.62,3.55,3.56,3.68,3.88,4.12,4.69,4.72
10/2/2025,4.23,4.11,4.02,3.81,3.62,3.55,3.56,3.67,3.86,4.1,4.66,4.69
10/3/2025,4.24,4.11,4.03,3.82,3.64,3.58,3.59,3.72,3.9,4.13,4.69,4.71
10/6/2025,4.22,4.11,4.02,3.81,3.66,3.6,3.63,3.75,3.95,4.18,4.73,4.76
10/7/2025,4.2,4.1,4.01,3.81,3.65,3.57,3.56,3.71,3.9,4.14,4.7,4.73
10/8/2025,4.2,4.09,4.01,3.82,3.66,3.58,3.58,3.72,3.91,4.13,4.69,4.72
10/9/2025,4.2,4.11,4.03,3.83,3.66,3.6,3.59,3.74,3.92,4.14,4.7,4.72
10/10/2025,4.19,4.1,4.02,3.81,3.6,3.52,3.52,3.65,3.83,4.05,4.6,4.63
10/14/2025,4.19,4.08,4.02,3.8,3.58,3.48,3.47,3.6,3.79,4.03,4.59,4.62
10/15/2025,4.2,4.09,4.03,3.82,3.61,3.5,3.51,3.63,3.82,4.05,4.61,4.64
10/16/2025,4.2,4.1,4.02,3.79,3.54,3.41,3.42,3.55,3.74,3.99,4.56,4.58
10/17/2025,4.18,4.08,4,3.79,3.56,3.46,3.47,3.59,3.78,4.02,4.58,4.6
10/20/2025,4.15,4.05,3.97,3.78,3.55,3.46,3.47,3.58,3.77,4,4.56,4.58
10/21/2025,4.12,4.05,3.96,3.78,3.56,3.45,3.46,3.56,3.74,3.98,4.53,4.55
10/22/2025,4.11,4.04,3.96,3.78,3.55,3.45,3.44,3.56,3.74,3.97,4.52,4.54
10/23/2025,4.12,4.05,3.95,3.78,3.59,3.48,3.49,3.61,3.79,4.01,4.55,4.58
10/24/2025,4.11,4.02,3.93,3.76,3.58,3.48,3.49,3.61,3.79,4.02,4.56,4.59
10/27/2025,4.09,4,3.89,3.73,3.59,3.48,3.5,3.61,3.79,4.01,4.55,4.57
10/28/2025,4.07,3.97,3.89,3.72,3.59,3.47,3.5,3.6,3.77,3.99,4.53,4.55
10/29/2025,4.03,3.99,3.93,3.79,3.7,3.59,3.6,3.7,3.87,4.08,4.59,4.61
10/30/2025,4.05,4.04,3.92,3.79,3.7,3.61,3.61,3.72,3.9,4.11,4.64,4.65
10/31/2025,4.06,4.04,3.89,3.79,3.7,3.6,3.6,3.71,3.89,4.11,4.65,4.67
11/3/2025,4.06,4.05,3.98,3.8,3.7,3.6,3.61,3.72,3.9,4.13,4.67,4.69
11/4/2025,4.02,4.01,3.96,3.78,3.67,3.58,3.59,3.69,3.88,4.1,4.65,4.67
11/5/2025,4,4,3.96,3.79,3.71,3.63,3.65,3.76,3.95,4.17,4.72,4.74
11/6/2025,4.02,3.98,3.93,3.76,3.65,3.57,3.58,3.69,3.87,4.11,4.67,4.69
11/7/2025,4.01,3.98,3.92,3.76,3.63,3.55,3.57,3.67,3.87,4.11,4.68,4.7
11/10/2025,4.04,4,3.95,3.79,3.66,3.58,3.56,3.72,3.9,4.13,4.69,4.71
11/12/2025,4.03,3.98,3.95,3.78,3.65,3.56,3.55,3.68,3.86,4.08,4.65,4.67
11/13/2025,4.05,4,3.96,3.8,3.68,3.58,3.57,3.71,3.89,4.11,4.69,4.7
11/14/2025,4.04,4.01,3.95,3.8,3.7,3.62,3.61,3.74,3.92,4.14,4.73,4.74
11/17/2025,4.04,4.01,3.97,3.81,3.69,3.6,3.6,3.72,3.9,4.13,4.71,4.73
11/18/2025,4.02,3.99,3.94,3.79,3.67,3.58,3.58,3.7,3.89,4.12,4.72,4.74
11/19/2025,4.01,4,3.95,3.8,3.68,3.58,3.59,3.71,3.9,4.13,4.71,4.75
11/20/2025,4.04,4.02,3.94,3.79,3.65,3.55,3.56,3.68,3.87,4.1,4.68,4.73
11/21/2025,4.03,4,3.9,3.75,3.62,3.51,3.5,3.62,3.82,4.06,4.67,4.71
11/24/2025,4.03,3.99,3.91,3.76,3.61,3.46,3.49,3.61,3.8,4.04,4.64,4.68
11/25/2025,4.04,3.97,3.9,3.75,3.6,3.43,3.46,3.55,3.77,4.01,4.62,4.67
11/26/2025,4.06,4,3.92,3.76,3.61,3.45,3.47,3.56,3.75,4,4.6,4.64
11/28/2025,4.05,3.99,3.88,3.74,3.61,3.47,3.49,3.59,3.78,4.02,4.62,4.67
12/1/2025,3.98,3.92,3.81,3.75,3.62,3.54,3.55,3.67,3.86,4.09,4.71,4.74
12/2/2025,3.9,3.83,3.77,3.72,3.59,3.51,3.54,3.66,3.85,4.09,4.7,4.74
12/3/2025,3.83,3.78,3.72,3.68,3.57,3.49,3.5,3.62,3.82,4.06,4.68,4.73
12/4/2025,3.83,3.78,3.71,3.69,3.6,3.52,3.55,3.68,3.87,4.11,4.72,4.76
12/5/2025,3.82,3.77,3.71,3.68,3.61,3.56,3.59,3.72,3.9,4.14,4.75,4.79
12/8/2025,3.82,3.78,3.73,3.69,3.61,3.57,3.59,3.75,3.94,4.17,4.78,4.81
12/9/2025,3.81,3.78,3.73,3.7,3.63,3.61,3.62,3.78,3.96,4.18,4.77,4.8
12/10/2025,3.79,3.75,3.69,3.66,3.58,3.54,3.56,3.72,3.92,4.13,4.74,4.78
12/11/2025,3.77,3.76,3.66,3.62,3.56,3.52,3.55,3.72,3.91,4.14,4.75,4.79
12/12/2025,3.76,3.75,3.63,3.58,3.54,3.52,3.58,3.75,3.95,4.19,4.82,4.85
12/15/2025,3.77,3.75,3.65,3.6,3.52,3.51,3.56,3.73,3.94,4.18,4.8,4.84
12/16/2025,3.76,3.73,3.64,3.6,3.51,3.48,3.52,3.69,3.9,4.15,4.77,4.82
12/17/2025,3.73,3.73,3.64,3.59,3.51,3.49,3.53,3.7,3.91,4.16,4.78,4.83
12/18/2025,3.71,3.72,3.62,3.58,3.49,3.46,3.5,3.66,3.87,4.12,4.74,4.8
12/19/2025,3.71,3.72,3.62,3.6,3.51,3.48,3.53,3.7,3.91,4.16,4.77,4.82
12/22/2025,3.72,3.71,3.64,3.6,3.53,3.44,3.56,3.71,3.93,4.17,4.78,4.84
12/23/2025,3.71,3.7,3.65,3.59,3.52,3.48,3.58,3.72,3.94,4.18,4.78,4.83
12/24/2025,3.72,3.74,3.69,3.59,3.5,3.47,3.56,3.7,3.91,4.15,4.75,4.79
12/26/2025,3.7,3.72,3.64,3.58,3.49,3.46,3.54,3.68,3.89,4.14,4.76,4.81
12/29/2025,3.69,3.7,3.68,3.59,3.48,3.45,3.51,3.67,3.88,4.12,4.75,4.8
12/30/2025,3.65,3.65,3.65,3.59,3.47,3.45,3.5,3.68,3.89,4.14,4.76,4.81
12/31/2025,3.74,3.67,3.67,3.59,3.48,3.47,3.55,3.73,3.94,4.18,4.79,4.84
1/2/2026,3.72,3.66,3.65,3.58,3.47,3.47,3.55,3.74,3.95,4.19,4.81,4.86
1/5/2026,3.71,3.64,3.64,3.57,3.47,3.46,3.53,3.71,3.92,4.17,4.79,4.85
1/6/2026,3.7,3.61,3.63,3.56,3.48,3.47,3.54,3.72,3.93,4.18,4.8,4.86
1/7/2026,3.7,3.6,3.62,3.56,3.48,3.47,3.53,3.7,3.91,4.15,4.76,4.82
1/8/2026,3.7,3.63,3.62,3.56,3.48,3.49,3.56,3.74,3.95,4.19,4.79,4.85
1/9/2026,3.7,3.63,3.62,3.57,3.52,3.54,3.59,3.75,3.95,4.18,4.76,4.82
1/12/2026,3.71,3.64,3.67,3.58,3.53,3.54,3.59,3.77,3.97,4.19,4.78,4.83
1/13/2026,3.72,3.66,3.67,3.59,3.51,3.53,3.57,3.75,3.95,4.18,4.77,4.83
1/14/2026,3.72,3.66,3.67,3.58,3.5,3.51,3.56,3.72,3.92,4.15,4.73,4.79
1/15/2026,3.75,3.69,3.68,3.6,3.54,3.56,3.62,3.77,3.96,4.17,4.74,4.79
1/16/2026,3.75,3.68,3.67,3.6,3.55,3.59,3.67,3.82,4.02,4.24,4.79,4.83
1/20/2026,3.75,3.69,3.7,3.61,3.53,3.6,3.68,3.86,4.08,4.3,4.87,4.91
1/21/2026,3.75,3.7,3.7,3.62,3.53,3.6,3.66,3.83,4.04,4.26,4.82,4.87
1/22/2026,3.79,3.72,3.71,3.61,3.53,3.61,3.68,3.85,4.05,4.26,4.79,4.84
1/23/2026,3.78,3.72,3.7,3.61,3.53,3.6,3.67,3.84,4.03,4.24,4.78,4.82
1/26/2026,3.77,3.7,3.67,3.62,3.52,3.56,3.66,3.82,4.02,4.22,4.75,4.8
1/27/2026,3.77,3.7,3.67,3.61,3.5,3.53,3.65,3.81,4.03,4.24,4.79,4.83
1/28/2026,3.76,3.71,3.68,3.63,3.52,3.56,3.66,3.83,4.05,4.26,4.81,4.85
1/29/2026,3.72,3.75,3.67,3.62,3.5,3.53,3.63,3.8,4.01,4.24,4.8,4.85
1/30/2026,3.72,3.75,3.67,3.61,3.48,3.52,3.6,3.79,4.01,4.26,4.82,4.87
2/2/2026,3.72,3.74,3.69,3.62,3.49,3.57,3.64,3.83,4.05,4.29,4.85,4.9
2/3/2026,3.72,3.74,3.69,3.62,3.49,3.57,3.64,3.83,4.04,4.28,4.85,4.9
2/4/2026,3.72,3.74,3.69,3.62,3.49,3.57,3.64,3.83,4.05,4.29,4.86,4.91
2/5/2026,3.72,3.74,3.67,3.58,3.44,3.47,3.55,3.74,3.97,4.21,4.79,4.85
2/6/2026,3.72,3.74,3.68,3.59,3.45,3.5,3.57,3.76,3.98,4.22,4.8,4.85
2/9/2026,3.72,3.73,3.69,3.59,3.43,3.48,3.56,3.75,3.97,4.22,4.79,4.85
2/10/2026,3.72,3.74,3.69,3.58,3.4,3.45,3.5,3.7,3.92,4.16,4.73,4.78
2/11/2026,3.71,3.73,3.7,3.6,3.47,3.52,3.55,3.75,3.96,4.18,4.76,4.82
2/12/2026,3.72,3.74,3.7,3.58,3.45,3.47,3.49,3.67,3.87,4.09,4.68,4.72
2/13/2026,3.72,3.73,3.68,3.59,3.42,3.4,3.43,3.61,3.81,4.04,4.64,4.69
2/17/2026,3.72,3.73,3.69,3.59,3.48,3.43,3.47,3.63,3.82,4.05,4.63,4.68
2/18/2026,3.71,3.73,3.7,3.6,3.49,3.47,3.5,3.66,3.86,4.09,4.65,4.71
2/19/2026,3.72,3.75,3.69,3.6,3.5,3.47,3.5,3.65,3.85,4.08,4.64,4.7
2/20/2026,3.72,3.74,3.69,3.61,3.51,3.48,3.5,3.65,3.85,4.08,4.66,4.72
2/23/2026,3.72,3.74,3.69,3.62,3.5,3.43,3.45,3.59,3.79,4.03,4.63,4.7
2/24/2026,3.72,3.73,3.69,3.62,3.52,3.43,3.47,3.61,3.81,4.04,4.63,4.7
2/25/2026,3.71,3.73,3.69,3.62,3.53,3.45,3.49,3.61,3.82,4.05,4.63,4.7
2/26/2026,3.74,3.75,3.68,3.61,3.52,3.42,3.46,3.57,3.78,4.02,4.6,4.67
2/27/2026,3.74,3.73,3.67,3.6,3.48,3.38,3.39,3.51,3.72,3.97,4.57,4.64
3/2/2026,3.74,3.74,3.72,3.68,3.54,3.47,3.49,3.62,3.82,4.05,4.64,4.7
3/3/2026,3.75,3.74,3.71,3.68,3.55,3.51,3.5,3.63,3.83,4.06,4.65,4.7
3/4/2026,3.75,3.75,3.71,3.68,3.58,3.54,3.55,3.67,3.87,4.09,4.67,4.72
3/5/2026,3.75,3.72,3.7,3.68,3.59,3.57,3.59,3.72,3.92,4.13,4.71,4.74
3/6/2026,3.75,3.72,3.69,3.66,3.55,3.56,3.59,3.72,3.93,4.15,4.74,4.77
3/9/2026,3.75,3.72,3.71,3.68,3.56,3.56,3.58,3.71,3.9,4.12,4.7,4.72
3/10/2026,3.75,3.71,3.71,3.68,3.56,3.57,3.58,3.73,3.93,4.15,4.74,4.78
3/11/2026,3.75,3.7,3.71,3.68,3.6,3.64,3.64,3.79,3.98,4.21,4.82,4.86
