Date,DIS,NFLX,SPOT
2020-01-02,9502100,44858000,662600
2020-01-03,7320200,38069000,1018400
2020-01-06,8262500,56631000,1311900
2020-01-07,6906500,47032000,876700
2020-01-08,6984200,71045000,974500
2020-01-09,6664200,47093000,1630600
2020-01-10,5152500,47183000,1046400
2020-01-13,9921300,62900000,1880900
2020-01-14,14839100,71994000,1048000
2020-01-15,6818200,51580000,1037400
2020-01-16,6948400,50160000,701300
2020-01-17,10355300,60665000,1314900
2020-01-21,9250200,143503000,1743900
2020-01-22,7550000,217300000,1718700
2020-01-23,11082000,182003000,1102100
2020-01-24,13076300,179397000,1164800
2020-01-27,12831800,77095000,1003900
2020-01-28,10390000,68216000,791400
2020-01-29,9382700,76435000,1215200
2020-01-30,11847300,53281000,886600
2020-01-31,12379100,52300000,1501100
2020-02-03,12639900,66706000,1894500
2020-02-04,23519700,71615000,3152600
2020-02-05,27824100,64370000,4159800
2020-02-06,9504600,39204000,2341700
2020-02-07,10948900,43852000,2110600
2020-02-10,8162100,52941000,1794700
2020-02-11,10790100,47729000,1527900
2020-02-12,8168200,46248000,1224000
2020-02-13,7543100,44854000,1591000
2020-02-14,9110500,37363000,1288100
2020-02-18,8214900,51739000,1480200
2020-02-19,7080900,48964000,1051800
2020-02-20,5981700,40794000,1442600
2020-02-21,7725800,39301000,1170700
2020-02-24,19336500,69364000,1382100
2020-02-25,21032500,64812000,2049200
2020-02-26,31195900,89341000,1502900
2020-02-27,30827500,109677000,1826300
2020-02-28,35389900,111686000,1909400
2020-03-02,21775900,69979000,1001700
2020-03-03,19529700,83646000,964900
2020-03-04,13842100,54873000,1336000
2020-03-05,22397200,87470000,1501600
2020-03-06,22899600,81472000,1311500
2020-03-09,26233600,74055000,1361700
2020-03-10,24083700,76044000,1359000
2020-03-11,24771300,60360000,905500
2020-03-12,40392900,120716000,1836600
2020-03-13,40960100,94582000,1439600
2020-03-16,35379500,105599000,1736000
2020-03-17,27526200,100139000,2493000
2020-03-18,43592500,125936000,1991000
2020-03-19,30866800,106160000,2504100
2020-03-20,31957800,108538000,3669100
2020-03-23,32246600,134494000,2209200
2020-03-24,32538100,116387000,2680900
2020-03-25,28533000,87672000,1994700
2020-03-26,24520300,72296000,1125600
2020-03-27,30591500,79488000,1094200
2020-03-30,23119200,86220000,1356600
2020-03-31,21563200,93665000,1763600
2020-04-01,18303900,66725000,1718100
2020-04-02,13936500,45925000,739500
2020-04-03,14814600,48608000,871700
2020-04-06,20407400,81839000,2315000
2020-04-07,22899600,70464000,1539200
2020-04-08,22562500,69089000,1386400
2020-04-09,31453600,77113000,1226200
2020-04-13,17306000,116929000,1067700
2020-04-14,19866900,115810000,1536400
2020-04-15,14157600,135612000,1747100
2020-04-16,18029300,161287000,1102600
2020-04-17,17926900,126163000,709100
2020-04-20,17021000,126558000,1144400
2020-04-21,16101400,231776000,1098000
2020-04-22,11463800,210848000,899100
2020-04-23,17132200,139523000,769500
2020-04-24,13614100,86589000,1142300
2020-04-27,15518300,62775000,1135500
2020-04-28,16503700,101012000,1516200
2020-04-29,20139800,96931000,5744100
2020-04-30,18638700,79540000,2122300
2020-05-01,13209100,82999000,2047300
2020-05-04,19514800,77991000,1224100
2020-05-05,30169800,62863000,1231000
2020-05-06,51992400,66607000,1280700
2020-05-07,20868800,56419000,1421700
2020-05-08,24079700,50493000,912400
2020-05-11,20555900,54860000,1294500
2020-05-12,17049700,45982000,1099300
2020-05-13,21085800,70146000,974900
2020-05-14,22002200,90075000,895200
2020-05-15,29766000,72440000,1511500
2020-05-18,40044600,77735000,1306500
2020-05-19,20332600,48105000,4119400
2020-05-20,25749900,56073000,4818500
2020-05-21,17578300,91173000,4318700
2020-05-22,9288200,54223000,2156300
2020-05-26,16466400,78811000,2482400
2020-05-27,19345400,104463000,2326500
2020-05-28,18606000,56551000,1858400
2020-05-29,17745100,52549000,1158200
2020-06-01,10538300,37437000,1309600
2020-06-02,10753100,34948000,1552400
2020-06-03,12584300,43160000,1522000
2020-06-04,14195100,54105000,1200100
2020-06-05,16581600,50996000,1157700
2020-06-08,13858100,58515000,1202100
2020-06-09,10882800,67970000,1582800
2020-06-10,11497100,48969000,2112100
2020-06-11,26078800,74629000,1728800
2020-06-12,18361900,64611000,907600
2020-06-15,14156400,44679000,1396100
2020-06-16,12951200,55079000,1061100
2020-06-17,8921600,65296000,3151700
2020-06-18,9577300,42776000,12353200
2020-06-19,23496300,59345000,12863200
2020-06-22,12868000,62721000,6346100
2020-06-23,10187600,59484000,8055100
2020-06-24,22252500,48262000,4949700
2020-06-25,17240400,41345000,8578300
2020-06-26,15270900,68047000,6497100
2020-06-29,12584300,48440000,4766700
2020-06-30,10565900,41985000,3515200
2020-07-01,11930900,97059000,3404200
2020-07-02,10312000,63515000,4247000
2020-07-06,11933400,78390000,5167600
2020-07-07,10836500,56699000,2283600
2020-07-08,13629500,56917000,3787800
2020-07-09,13582900,58405000,2640400
2020-07-10,14207900,216056000,1772300
2020-07-13,15620200,183990000,2834600
2020-07-14,12425100,150833000,3861300
2020-07-15,15314200,100667000,1779400
2020-07-16,10210100,244990000,2794400
2020-07-17,9843500,249914000,1658000
2020-07-20,8947900,119403000,4110500
2020-07-21,8946300,91137000,2548200
2020-07-22,7063300,69541000,5062900
2020-07-23,7255800,77220000,2812900
2020-07-24,8233300,77462000,2406600
2020-07-27,9413000,78631000,1562100
2020-07-28,6821100,59867000,1860900
2020-07-29,9496500,66118000,3970600
2020-07-30,9713500,66086000,2667400
2020-07-31,9601000,59163000,1809700
2020-08-03,10229200,58731000,1829800
2020-08-04,17293900,56080000,1707200
2020-08-05,53000200,43082000,1649400
2020-08-06,27238000,37259000,1341300
2020-08-07,16088600,59103000,1239200
2020-08-10,8529200,46912000,1389600
2020-08-11,13885700,73292000,2621000
2020-08-12,12204200,54392000,2030100
2020-08-13,6468600,30089000,1388600
2020-08-14,6507600,29435000,983900
2020-08-17,7492200,24235000,1345400
2020-08-18,6714600,35055000,989100
2020-08-19,7624200,31562000,1372000
2020-08-20,4918100,51325000,1730700
2020-08-21,6064700,39213000,1612100
2020-08-24,7613600,47622000,1250000
2020-08-25,5494400,57277000,1266000
2020-08-26,8447800,203737000,1314400
2020-08-27,13667600,90629000,1243900
2020-08-28,11020100,44175000,1378000
2020-08-31,11617500,49414000,882100
2020-09-01,7351200,95727000,1233300
2020-09-02,8187800,58869000,2455700
2020-09-03,12079200,90711000,1845500
2020-09-04,11248300,82701000,2062800
2020-09-08,17257300,55727000,1469800
2020-09-09,8891800,68481000,1057100
2020-09-10,9853400,62402000,3026300
2020-09-11,7165300,50352000,1371600
2020-09-14,8391900,73591000,1185700
2020-09-15,7289100,53370000,1232700
2020-09-16,6601000,43949000,5339100
2020-09-17,6723500,53793000,1913600
2020-09-18,9916300,67177000,1298000
2020-09-21,10352700,54575000,998300
2020-09-22,6978800,34823000,1539600
2020-09-23,8323600,37264000,1142100
2020-09-24,8480000,37272000,1451300
2020-09-25,6851800,37694000,770800
2020-09-28,6283700,47735000,937900
2020-09-29,7405800,35415000,1213600
2020-09-30,13642500,46341000,1131800
2020-10-01,8908300,81537000,1051500
2020-10-02,6490200,60712000,1043800
2020-10-05,5919200,40881000,964300
2020-10-06,9052000,41990000,932600
2020-10-07,10187800,79887000,616700
2020-10-08,7404600,53865000,765600
2020-10-09,11502200,47813000,617300
2020-10-12,10958200,53911000,937600
2020-10-13,22389000,56025000,1591600
2020-10-14,11531500,94990000,989600
2020-10-15,7744000,51131000,904000
2020-10-16,6291700,63474000,1038300
2020-10-19,6576900,75675000,818800
2020-10-20,6161200,100472000,904200
2020-10-21,6591500,174057000,1359500
2020-10-22,5177700,69979000,1216200
2020-10-23,5439900,49279000,1349800
2020-10-26,8578900,61861000,1921300
2020-10-27,6813800,36272000,1778000
2020-10-28,11654700,59927000,2257900
2020-10-29,9583700,111207000,5508200
2020-10-30,8090200,78079000,3520500
2020-11-02,9186000,44082000,2282200
2020-11-03,8144900,36902000,1418500
2020-11-04,7483000,51373000,1907000
2020-11-05,7654800,53728000,2180600
2020-11-06,6259700,42363000,2161200
2020-11-09,35634700,104197000,2060100
2020-11-10,18115400,83061000,2371400
2020-11-11,9600900,54605000,1183800
2020-11-12,13768200,50637000,890600
2020-11-13,21062300,30027000,861600
2020-11-16,16382500,39536000,1438100
2020-11-17,9354900,36981000,822800
2020-11-18,9456200,36292000,979100
2020-11-19,8892500,22547000,1372700
2020-11-20,8481600,42534000,1057000
2020-11-23,12887000,54166000,947300
2020-11-24,16711700,35505000,826900
2020-11-25,9552000,35986000,720600
2020-11-27,5306400,28058000,774200
2020-11-30,9710100,35309000,1800200
2020-12-01,8825500,50527000,1227100
2020-12-02,10601900,30284000,8178500
2020-12-03,9063200,28261000,2420000
2020-12-04,6033300,36662000,1979300
2020-12-07,6815500,42893000,2287600
2020-12-08,7900600,42290000,1620600
2020-12-09,10804300,41788000,1682200
2020-12-10,8993200,30182000,1268900
2020-12-11,87410700,32109000,1657600
2020-12-14,30939400,57704000,2117300
2020-12-15,18802600,33949000,2198600
2020-12-16,11105800,36824000,1574700
2020-12-17,9004600,31934000,960700
2020-12-18,21172100,45027000,1090800
2020-12-21,11424200,38940000,1076800
2020-12-22,6419200,19066000,958500
2020-12-23,9994000,23932000,1131600
2020-12-24,2721000,11440000,435800
2020-12-28,13145400,28919000,898200
2020-12-29,6875400,40224000,687900
2020-12-30,11680400,18763000,631500
2020-12-31,7073500,53923000,587100
2021-01-04,13426600,44444000,945700
2021-01-05,7771800,31339000,610400
2021-01-06,7517800,53462000,1024800
2021-01-07,7300800,36864000,977200
2021-01-08,7894500,29739000,2199700
2021-01-11,6461300,38062000,1105600
2021-01-12,8349800,59904000,829600
2021-01-13,6839500,50321000,2412100
2021-01-14,8951200,41774000,853800
2021-01-15,12232500,58958000,2352000
2021-01-19,7834700,123158000,1252600
2021-01-20,9809200,326375000,1044800
2021-01-21,8416400,118021000,1641800
2021-01-22,9517200,75508000,1083300
2021-01-25,7833700,72073000,1393700
2021-01-26,7523200,50238000,818300
2021-01-27,18239200,86703000,1549000
2021-01-28,14449100,59690000,1532100
2021-01-29,12848800,43253000,1485500
2021-02-01,8140400,35475000,1186200
2021-02-02,12215200,37676000,1744500
2021-02-03,5508600,31723000,6296200
2021-02-04,9035400,51645000,2451300
2021-02-05,6640500,23762000,2342800
2021-02-08,16085700,27917000,1609000
2021-02-09,11270800,37035000,1440500
2021-02-10,11464600,39913000,1492000
2021-02-11,17507900,27306000,1032400
2021-02-12,27233800,21971000,1119500
2021-02-16,11630700,26241000,1923600
2021-02-17,11391800,20696000,1283000
2021-02-18,12380900,24562000,1386500
2021-02-19,8834500,28415000,1313800
2021-02-22,18799600,30786000,4523400
2021-02-23,23191400,41365000,4162000
2021-02-24,16205900,32450000,1477600
2021-02-25,12712000,42529000,2428200
2021-02-26,15844000,37556000,2595700
2021-03-01,10709900,30414000,1539500
2021-03-02,8371400,30422000,1483000
2021-03-03,8750300,53624000,1636600
2021-03-04,12542600,50348000,2591400
2021-03-05,10266400,50700000,2599400
2021-03-08,25093200,39818000,2108000
2021-03-09,23331000,34700000,2424000
2021-03-10,13662100,37715000,1319500
2021-03-11,11933900,47145000,1854800
2021-03-12,13249100,39817000,963500
2021-03-15,10311400,34843000,866800
2021-03-16,9680700,32389000,891800
2021-03-17,14418700,28174000,844700
2021-03-18,9644500,40945000,1466800
2021-03-19,28354600,43864000,1327100
2021-03-22,8838500,33606000,606500
2021-03-23,10701200,55835000,802700
2021-03-24,13549100,41022000,1053100
2021-03-25,9609200,49268000,1657700
2021-03-26,10196100,34678000,1267700
2021-03-29,7544700,33300000,1078700
2021-03-30,5929700,24181000,1496000
2021-03-31,8478000,35031000,1194500
2021-04-01,7749400,39386000,1183800
2021-04-05,7405300,33559000,949300
2021-04-06,7926200,34742000,1280500
2021-04-07,6238700,21513000,690200
2021-04-08,7763000,43098000,679900
2021-04-09,6089300,28940000,1171000
2021-04-12,6662500,29441000,622100
2021-04-13,6826500,27203000,1154300
2021-04-14,9089900,37403000,815600
2021-04-15,7262500,31391000,1216600
2021-04-16,9453500,32091000,777800
2021-04-19,7625800,42887000,1398400
2021-04-20,10765800,112576000,1262200
2021-04-21,8400200,228974000,1828500
2021-04-22,7378300,90611000,1482300
2021-04-23,6075500,73077000,2239000
2021-04-26,6178300,43888000,2239600
2021-04-27,4870000,37613000,1239400
2021-04-28,5199300,31930000,7772300
2021-04-29,5958300,51278000,3330800
2021-04-30,7866300,44132000,2187600
2021-05-03,7542800,40919000,2305600
2021-05-04,7069300,43495000,2562400
2021-05-05,5901700,31294000,1549900
2021-05-06,6944900,37837000,1770100
2021-05-07,6888400,31328000,1312600
2021-05-10,8260300,51316000,1857300
2021-05-11,10865600,44010000,2509400
2021-05-12,8988100,41215000,1322100
2021-05-13,12332200,27125000,1635700
2021-05-14,33149400,28825000,2461700
2021-05-17,17771600,27052000,1352400
2021-05-18,10401000,23505000,1292600
2021-05-19,9251000,33499000,1831800
2021-05-20,7400700,37212000,1233400
2021-05-21,8105700,33229000,1037500
2021-05-24,7346700,24126000,980900
2021-05-25,8089700,26995000,1126600
2021-05-26,8086200,24653000,1364500
2021-05-27,13567800,32538000,1002500
2021-05-28,7124800,29103000,920700
2021-06-01,7475600,24826000,1037300
2021-06-02,7851700,22690000,1088900
2021-06-03,5583900,38874000,1244800
2021-06-04,6343400,31605000,946600
2021-06-07,5178100,27919000,1273500
2021-06-08,5356200,23740000,1167800
2021-06-09,5082400,30550000,1024100
2021-06-10,5253000,43829000,1500200
2021-06-11,5476300,31240000,1577000
2021-06-14,10170000,44002000,1250500
2021-06-15,7895000,31041000,1350100
2021-06-16,8336000,35332000,1367500
2021-06-17,8906000,31983000,1237400
2021-06-18,12357500,51976000,1348300
2021-06-21,9196900,52773000,826100
2021-06-22,8097100,58093000,1436700
2021-06-23,9174200,39448000,951500
2021-06-24,7549400,33612000,2251500
2021-06-25,7431800,52991000,1562100
2021-06-28,9881400,28202000,1248000
2021-06-29,13498300,23146000,875000
2021-06-30,7481900,27734000,1572600
2021-07-01,5887100,28054000,835000
2021-07-02,11099300,19755000,480900
2021-07-06,11557900,27751000,1063800
2021-07-07,6757300,27225000,746900
2021-07-08,6960100,32690000,932900
2021-07-09,7873300,27772000,575500
2021-07-12,21835500,17807000,740900
2021-07-13,12534600,27516000,899000
2021-07-14,8787300,46595000,1119900
2021-07-15,7867000,57139000,1506700
2021-07-16,8348800,34421000,1443100
2021-07-19,14651800,38858000,1232500
2021-07-20,8372400,69304000,902100
2021-07-21,6302200,119068000,1249900
2021-07-22,5713700,43281000,781200
2021-07-23,5126300,38205000,1501300
2021-07-26,5641000,22545000,1931300
2021-07-27,6684100,27590000,1403800
2021-07-28,5926900,23905000,7220300
2021-07-29,6209100,17360000,2544000
2021-07-30,6813400,25371000,2170000
2021-08-02,5847200,20966000,2227300
2021-08-03,9931300,25794000,3438800
2021-08-04,5665800,20394000,1670100
2021-08-05,8864200,25567000,1700800
2021-08-06,5505200,19198000,1014000
2021-08-09,5339000,13678000,1040800
2021-08-10,5185000,19605000,2855500
2021-08-11,5359900,16739000,3304600
2021-08-12,11081300,16857000,1541100
2021-08-13,32504600,21777000,860200
2021-08-16,8746700,20328000,1452500
2021-08-17,8534500,23098000,1330100
2021-08-18,7063500,25820000,1515100
2021-08-19,8478600,74973000,834000
2021-08-20,6239600,37764000,2314300
2021-08-23,7395900,26020000,1354400
2021-08-24,5886900,21095000,887700
2021-08-25,4842100,20656000,841800
2021-08-26,4563000,15955000,1125800
2021-08-27,8697000,32526000,1338800
2021-08-30,6421300,24348000,1059300
2021-08-31,8620000,24319000,1216700
2021-09-01,7302800,56262000,811000
2021-09-02,6492600,61799000,3946000
2021-09-03,6847400,26812000,1187900
2021-09-07,10702900,58214000,1865200
2021-09-08,8634000,54245000,1043100
2021-09-09,7190700,29542000,926100
2021-09-10,5572200,39508000,1515100
2021-09-13,6818200,30629000,1215300
2021-09-14,6185900,34570000,814900
2021-09-15,5933400,27556000,766500
2021-09-16,5678200,18320000,846100
2021-09-17,10035100,41451000,1129800
2021-09-20,8056600,37322000,1357500
2021-09-21,23216000,22509000,884200
2021-09-22,14214500,40218000,906600
2021-09-23,8052900,25262000,942900
2021-09-24,5712800,21262000,1102900
2021-09-27,7755000,25047000,818800
2021-09-28,9133100,44311000,1392300
2021-09-29,6240800,62210000,1071100
2021-09-30,13978000,66126000,1050200
2021-10-01,12165000,40908000,898200
2021-10-04,7200600,49959000,1145300
2021-10-05,6798200,95343000,647900
2021-10-06,6005200,45804000,1036800
2021-10-07,7780000,35569000,661700
2021-10-08,4132200,32721000,625100
2021-10-11,8046300,28625000,647300
2021-10-12,5188400,32273000,651400
2021-10-13,8914700,24203000,1216100
2021-10-14,7450200,26717000,858500
2021-10-15,13943900,41169000,813300
2021-10-18,20494800,46691000,763500
2021-10-19,9669500,76331000,1056000
2021-10-20,9737600,106220000,736700
2021-10-21,7509000,84371000,1093500
2021-10-22,7854300,61860000,988000
2021-10-25,9798700,38335000,1009600
2021-10-26,5850200,29048000,1672600
2021-10-27,7054700,22769000,3958200
2021-10-28,7884500,28594000,3414400
2021-10-29,7598800,38253000,1604400
2021-11-01,8182900,31109000,2386000
2021-11-02,6777200,38886000,1315100
2021-11-03,6829300,23349000,1223700
2021-11-04,7505500,48650000,1137000
2021-11-05,16859200,52835000,1261100
2021-11-08,10584600,28875000,2077200
2021-11-09,7293300,24156000,1586200
2021-11-10,11045800,24058000,1367900
2021-11-11,62366500,28683000,1262800
2021-11-12,25638400,41984000,1853700
2021-11-15,21285300,28722000,1055200
2021-11-16,15516200,20774000,1586900
2021-11-17,14695500,27328000,1103300
2021-11-18,14487700,20129000,1049600
2021-11-19,16776500,26137000,799500
2021-11-22,12790400,27644000,1346300
2021-11-23,17382900,23202000,2356700
2021-11-24,14123700,18673000,1552300
2021-11-26,12027700,28725000,836900
2021-11-29,21231300,25294000,1347600
2021-11-30,26011100,56089000,1874200
2021-12-01,16469000,38828000,1627300
2021-12-02,18177700,33311000,1603200
2021-12-03,14975600,48293000,1831000
2021-12-06,14333900,30757000,1186000
2021-12-07,14661100,31252000,1089400
2021-12-08,12886300,22203000,1137700
2021-12-09,11862300,23763000,1059900
2021-12-10,10247900,27488000,838400
2021-12-13,10195800,25179000,1188000
2021-12-14,10872000,29845000,2137100
2021-12-15,12231500,28662000,1557700
2021-12-16,11145600,31432000,1130000
2021-12-17,13785000,43869000,1697700
2021-12-20,11201900,33584000,1120600
2021-12-21,10781400,23194000,716600
2021-12-22,7820400,23357000,972700
2021-12-23,6572400,16211000,813000
2021-12-27,7762000,20615000,963900
2021-12-28,12198700,18828000,775200
2021-12-29,8737000,12872000,1155700
2021-12-30,7228400,16251000,941500
2021-12-31,6410200,19959000,870600
2022-01-03,10222800,30675000,1933300
2022-01-04,16582000,43931000,1874400
2022-01-05,12272100,41487000,1345300
2022-01-06,11095300,57118000,1171900
2022-01-07,9554600,33829000,907200
2022-01-10,8672900,44861000,1394000
2022-01-11,8042600,30778000,1175400
2022-01-12,6995600,37874000,1111600
2022-01-13,9680600,44751000,985600
2022-01-14,16832000,78611000,1665400
2022-01-18,10419500,48391000,1380200
2022-01-19,10413200,43535000,1659900
2022-01-20,11760400,126590000,2517800
2022-01-21,34491800,589043000,3150100
2022-01-24,31419500,323460000,3003600
2022-01-25,14694400,151458000,2074400
2022-01-26,14569900,126840000,2654600
2022-01-27,11913900,243247000,2512900
2022-01-28,10011700,119666000,2515500
2022-01-31,10185500,200475000,4882400
2022-02-01,8573300,225681000,2868500
2022-02-02,9529900,143460000,6687900
2022-02-03,9820600,99052000,14049300
2022-02-04,8061100,77898000,5779200
2022-02-07,10937500,82329000,4407100
2022-02-08,9231700,68185000,3828200
2022-02-09,22877400,77382000,4911100
2022-02-10,42500300,84529000,2235700
2022-02-11,17975200,75589000,2158300
2022-02-14,14694700,72022000,1608000
2022-02-15,12726000,53923000,1384500
2022-02-16,10656400,52777000,1577100
2022-02-17,8110300,46692000,2017800
2022-02-18,10785500,68017000,2331000
2022-02-22,12227200,66975000,1849300
2022-02-23,9300700,46143000,1450100
2022-02-24,12475500,70687000,2352200
2022-02-25,10149500,48416000,1674500
2022-02-28,10834700,50350000,1883400
2022-03-01,8944000,32904000,1404500
2022-03-02,7851000,53568000,1462000
2022-03-03,8048400,60768000,2393500
2022-03-04,12913000,53255000,2383600
2022-03-07,14549700,57084000,2320100
2022-03-08,16552000,64287000,1858600
2022-03-09,14673100,65202000,1521800
2022-03-10,8447200,48078000,1978600
2022-03-11,7058400,48199000,2027600
2022-03-14,9971500,59078000,2185000
2022-03-15,9834800,54606000,1496900
2022-03-16,10638700,69825000,2297900
2022-03-17,6816000,58183000,1977500
2022-03-18,11308800,83248000,2575100
2022-03-21,9090300,48665000,1930200
2022-03-22,8511600,42428000,2535100
2022-03-23,8761300,37290000,2102800
2022-03-24,5858800,38885000,2310400
2022-03-25,5949400,35745000,1161200
2022-03-28,8456100,43234000,939700
2022-03-29,11280700,58807000,1597200
2022-03-30,7922400,40233000,1643100
2022-03-31,12306500,41347000,1371800
2022-04-01,10341000,46442000,1408800
2022-04-04,8174600,70018000,2213800
2022-04-05,8694100,42345000,1695400
2022-04-06,11679700,43549000,2308400
2022-04-07,9858700,49489000,1404300
2022-04-08,6702000,40252000,1434100
2022-04-11,9915300,37771000,1416400
2022-04-12,7885600,38243000,1043200
2022-04-13,7694500,32310000,1092500
2022-04-14,7283500,43438000,1304400
2022-04-18,10571000,51050000,960900
2022-04-19,12767200,209069000,907000
2022-04-20,36465700,1333875000,5654800
2022-04-21,18688600,535016000,4384300
2022-04-22,19472800,375151000,2445000
2022-04-25,16491000,281520000,3044800
2022-04-26,16116000,203181000,4875400
2022-04-27,15553000,222984000,9175100
2022-04-28,23192100,213632000,4117900
2022-04-29,16907000,163919000,2981700
2022-05-02,14300700,145916000,2698800
2022-05-03,11149500,118394000,2004300
2022-05-04,11488300,122188000,2479800
2022-05-05,12720200,139713000,2449700
2022-05-06,12525200,171855000,3018600
2022-05-09,17941600,140313000,2305500
2022-05-10,15657700,138839000,3158000
2022-05-11,26933300,126655000,2894500
2022-05-12,36298800,176621000,3096000
2022-05-13,16782600,131363000,2479800
2022-05-16,11993600,161450000,2077400
2022-05-17,11847600,98767000,2874600
2022-05-18,11794000,96656000,1803100
2022-05-19,11285000,104485000,1908400
2022-05-20,15650400,104294000,1856300
2022-05-23,14402400,96020000,2430100
2022-05-24,13970200,77064000,3996400
2022-05-25,11026600,85221000,2400500
2022-05-26,11297800,80499000,2272700
2022-05-27,13671300,85860000,2716300
2022-05-31,20274600,113985000,1770400
2022-06-01,11829700,84162000,1499100
2022-06-02,8829900,96231000,1283500
2022-06-03,6767600,71918000,1086900
2022-06-06,7575900,53720000,2425000
2022-06-07,7279100,48395000,2408300
2022-06-08,7019500,72441000,4138400
2022-06-09,8261200,69490000,2768300
2022-06-10,15369700,130656000,2497300
2022-06-13,15239700,102224000,2493000
2022-06-14,12443700,115553000,2466700
2022-06-15,11751600,123960000,2885400
2022-06-16,15298500,82013000,2165600
2022-06-17,15403800,121334000,1776300
2022-06-21,16649800,121776000,1568200
2022-06-22,11403500,119924000,1482200
2022-06-23,11348800,95382000,2197500
2022-06-24,11681200,124240000,2563300
2022-06-27,10793700,83639000,1639100
2022-06-28,16812400,71854000,2539000
2022-06-29,8653200,57668000,3052800
2022-06-30,10983500,78947000,2399300
2022-07-01,10543400,52016000,1987500
2022-07-05,10660600,73343000,2555600
2022-07-06,8640200,57534000,1591900
2022-07-07,7813100,63345000,1544100
2022-07-08,7717300,58357000,1433700
2022-07-11,7643700,60388000,1744400
2022-07-12,8665300,68453000,1137600
2022-07-13,12006400,127344000,1443500
2022-07-14,11146400,90395000,1335800
2022-07-15,14946700,163191000,1608100
2022-07-18,10430400,163228000,1576200
2022-07-19,13683400,281787000,1964500
2022-07-20,15112700,539203000,2075800
2022-07-21,8611300,234301000,2381400
2022-07-22,7803500,178055000,2046300
2022-07-25,6726700,109352000,1595500
2022-07-26,6346600,95085000,2752600
2022-07-27,9684800,105084000,7373300
2022-07-28,7970300,89727000,2637400
2022-07-29,10320000,90649000,1708100
2022-08-01,7769700,55250000,1684000
2022-08-02,9093000,63613000,1116100
2022-08-03,11243000,64007000,1698500
2022-08-04,7322400,71427000,1459200
2022-08-05,10100000,55397000,1304100
2022-08-08,13025900,109821000,998000
2022-08-09,8776500,61812000,1090800
2022-08-10,26398700,92548000,1369800
2022-08-11,50375000,87801000,1985500
2022-08-12,21964800,60985000,910200
2022-08-15,24628300,65274000,1021700
2022-08-16,14607300,51368000,872700
2022-08-17,9140900,56272000,1411600
2022-08-18,7343900,52804000,1102400
2022-08-19,8702500,75047000,963400
2022-08-22,11575800,86301000,1213700
2022-08-23,7180700,52769000,895900
2022-08-24,7840500,54263000,702000
2022-08-25,6920900,37669000,860500
2022-08-26,7807400,53498000,908500
2022-08-29,6882700,71094000,966000
2022-08-30,8060000,57404000,951600
2022-08-31,7353000,86159000,1050400
2022-09-01,7718700,72929000,1570600
2022-09-02,8465100,81649000,1405300
2022-09-06,9537300,74690000,962800
2022-09-07,8193900,81493000,652300
2022-09-08,8443300,67374000,857900
2022-09-09,9563100,66996000,1616600
2022-09-12,7923400,60474000,1407800
2022-09-13,10504600,80001000,1729000
2022-09-14,8610400,82303000,1210400
2022-09-15,9739800,194541000,1336400
2022-09-16,15978800,189142000,1348200
2022-09-19,7979500,179124000,1714800
2022-09-20,6957400,160374000,1323300
2022-09-21,9776400,91668000,873500
2022-09-22,10953400,100180000,1005100
2022-09-23,11976900,112072000,1782100
2022-09-26,9760500,82343000,1578400
2022-09-27,13360200,77622000,1268400
2022-09-28,12895500,175797000,1016900
2022-09-29,9435100,189949000,1524700
2022-09-30,12094900,118486000,1859000
2022-10-03,9468400,86574000,3551100
2022-10-04,10229000,139259000,2057000
2022-10-05,7562800,108256000,1681900
2022-10-06,6728200,91889000,1425200
2022-10-07,7051000,98061000,1276300
2022-10-10,9532300,99911000,1305100
2022-10-11,8900900,152824000,1973700
2022-10-12,6156200,129526000,4097000
2022-10-13,11025400,175050000,2378200
2022-10-14,8202100,152934000,1644600
2022-10-17,7083800,210578000,1189100
2022-10-18,8533500,257767000,1810900
2022-10-19,11731000,466853000,1308100
2022-10-20,8212400,172071000,1314300
2022-10-21,10193400,248891000,1737800
2022-10-24,8221500,133264000,6219400
2022-10-25,7687500,151007000,3226200
2022-10-26,9203700,157141000,8005500
2022-10-27,8673500,146126000,3597200
2022-10-28,7250900,99605000,2460700
2022-10-31,8814800,75051000,1994700
2022-11-01,7955800,69164000,2690000
2022-11-02,9583200,103676000,3244400
2022-11-03,8978400,70574000,3530800
2022-11-04,11035800,111247000,2054900
2022-11-07,11355200,79270000,1520900
2022-11-08,27130300,76838000,1321500
2022-11-09,62029800,72660000,1680900
2022-11-10,36968100,96673000,2078800
2022-11-11,22373300,95738000,1987100
2022-11-14,20598000,179782000,1338400
2022-11-15,15801900,146269000,1326200
2022-11-16,11137700,80386000,953400
2022-11-17,12306400,98382000,1941400
2022-11-18,10011700,84001000,1601400
2022-11-21,70273500,72565000,1392500
2022-11-22,25753700,62451000,1614300
2022-11-23,15503200,59190000,905600
2022-11-25,6664300,32360000,602200
2022-11-28,13660000,47034000,1136700
2022-11-29,13205300,57869000,1007000
2022-11-30,15368100,160701000,1514800
2022-12-01,13855700,146649000,1021500
2022-12-02,12608100,126906000,1153900
2022-12-05,10764500,84230000,1171800
2022-12-06,11492400,71954000,1647100
2022-12-07,10353400,78216000,1279600
2022-12-08,9351200,72053000,1314700
2022-12-09,10111900,143640000,1529500
2022-12-12,14140700,101486000,1413700
2022-12-13,22882100,107564000,3865000
2022-12-14,11505400,75433000,1186700
2022-12-15,15957700,177246000,3261300
2022-12-16,26383900,140800000,3499900
2022-12-19,19225300,61637000,1292700
2022-12-20,14918400,69181000,2010300
2022-12-21,11004800,63762000,1509100
2022-12-22,15487400,78562000,1646000
2022-12-23,11171600,42511000,943900
2022-12-27,11561400,57781000,1178600
2022-12-28,12399500,59644000,1616300
2022-12-29,13045100,95885000,979200
2022-12-30,23231000,75669000,1255800
2023-01-03,14997100,67640000,1286800
2023-01-04,14957200,93451000,1842900
2023-01-05,11622600,83284000,1557100
2023-01-06,9828100,89598000,1185100
2023-01-09,11675800,67666000,1376800
2023-01-10,6914600,130723000,2044800
2023-01-11,8757300,95797000,1631000
2023-01-12,19764300,108562000,1774400
2023-01-13,12230200,82868000,2135100
2023-01-17,14914200,92470000,1752100
2023-01-18,11384500,78141000,2235400
2023-01-19,10973600,180082000,2280800
2023-01-20,14549900,284303000,2761300
2023-01-23,11479100,156469000,4690800
2023-01-24,8606700,117965000,1482200
2023-01-25,10008000,77669000,2180400
2023-01-26,9204400,82568000,1505300
2023-01-27,10249700,67035000,1753800
2023-01-30,8548500,51276000,2322800
2023-01-31,8251700,56607000,9597000
2023-02-01,9975500,80052000,4556500
2023-02-02,13093200,78570000,5198400
2023-02-03,12472500,94020000,2553300
2023-02-06,11956500,49949000,3348300
2023-02-07,10844000,62894000,2884800
2023-02-08,27719900,62532000,1494800
2023-02-09,46137200,69011000,1433600
2023-02-10,15566000,72911000,3801200
2023-02-13,12341500,71344000,1958500
2023-02-14,10768100,46248000,1435100
2023-02-15,8156000,39660000,1720300
2023-02-16,9479900,52157000,1639600
2023-02-17,9492200,52947000,1438700
2023-02-21,10648200,57103000,1731500
2023-02-22,9885100,45462000,1919300
2023-02-23,10974800,132387000,1356600
2023-02-24,8523000,68307000,1612200
2023-02-27,6641200,61426000,1593700
2023-02-28,8233700,36761000,1198600
2023-03-01,7898300,49113000,1314500
2023-03-02,7776600,49110000,870000
2023-03-03,7434300,59533000,1779500
2023-03-06,6773300,56607000,2092500
2023-03-07,6951300,45531000,2110300
2023-03-08,5668700,34795000,1272700
2023-03-09,8275600,74434000,2346000
2023-03-10,13978800,57593000,1571000
2023-03-13,11915300,62924000,1569400
2023-03-14,10323600,59567000,1638800
2023-03-15,9543800,92153000,1653500
2023-03-16,9931700,79037000,1407200
2023-03-17,12943200,69188000,1665300
2023-03-20,6657200,51134000,1525900
2023-03-21,7285800,48863000,1475000
2023-03-22,8811100,58080000,1793800
2023-03-23,9527000,156533000,1146200
2023-03-24,9534600,129917000,1452000
2023-03-27,7487900,86258000,1670200
2023-03-28,5426100,64894000,1148700
2023-03-29,5889100,62873000,803600
2023-03-30,7669500,71315000,842300
2023-03-31,8920000,56102000,1572400
2023-04-03,7313200,44137000,1265900
2023-04-04,6794200,32981000,1000200
2023-04-05,7747200,42055000,1046800
2023-04-06,7042500,46605000,778800
2023-04-10,8016600,26579000,782400
2023-04-11,7504600,40448000,912100
2023-04-12,9289200,39654000,1117000
2023-04-13,8745000,74064000,1120600
2023-04-14,7337300,53505000,978800
2023-04-17,6705300,61360000,1076700
2023-04-18,8180100,179445000,1052200
2023-04-19,11523300,221283000,1015200
2023-04-20,7762700,99478000,778400
2023-04-21,9468000,63480000,1362000
2023-04-24,8540600,55866000,2942300
2023-04-25,6511400,54266000,8215900
2023-04-26,8634500,46232000,2519200
2023-04-27,8166500,56188000,1991400
2023-04-28,11329700,42284000,1643900
2023-05-01,6909500,53415000,1530800
2023-05-02,6955900,43186000,1389900
2023-05-03,7772100,50641000,1670100
2023-05-04,13260700,38797000,1607900
2023-05-05,9300100,39906000,1234200
2023-05-08,10810100,54886000,1851000
2023-05-09,6829900,55449000,1373900
2023-05-10,19525200,42899000,1715000
2023-05-11,57127200,80335000,1319500
2023-05-12,21837500,60824000,1687000
2023-05-15,16792000,36530000,1502500
2023-05-16,17013300,33322000,1354500
2023-05-17,12461600,39588000,1226200
2023-05-18,15014800,209252000,1667100
2023-05-19,16429000,78597000,1221500
2023-05-22,14150600,54064000,973200
2023-05-23,14778700,68661000,1445600
2023-05-24,15350800,79733000,1085500
2023-05-25,13605800,62631000,1107400
2023-05-26,12892700,93604000,1009900
2023-05-30,14800700,108650000,2294300
2023-05-31,11440600,69880000,1092100
2023-06-01,11993200,71601000,1121200
2023-06-02,14350200,59024000,1163900
2023-06-05,18506700,72474000,1837600
2023-06-06,12109100,49915000,1127700
2023-06-07,11082400,119324000,1558000
2023-06-08,9030200,59911000,1218800
2023-06-09,9625400,123630000,2033100
2023-06-12,12341600,59595000,1521500
2023-06-13,12964400,78205000,1917600
2023-06-14,15877400,84131000,1750700
2023-06-15,13354600,70999000,1374500
2023-06-16,22683400,87537000,3532900
2023-06-20,14939200,47560000,1585600
2023-06-21,17873000,51464000,2620500
2023-06-22,10915300,48695000,1280500
2023-06-23,13538000,82986000,1263800
2023-06-26,13132700,46400000,1720200
2023-06-27,10032700,48181000,1041900
2023-06-28,12118300,88113000,805600
2023-06-29,13402600,49323000,924800
2023-06-30,12837500,73464000,1357600
2023-07-03,7979500,37332000,550300
2023-07-05,11028800,68695000,732000
2023-07-06,12084600,49388000,1021700
2023-07-07,9705100,41651000,800800
2023-07-10,13642600,42517000,846700
2023-07-11,13735500,45692000,1160600
2023-07-12,14912100,57317000,1540500
2023-07-13,15325500,61575000,2410800
2023-07-14,17770000,71959000,3640400
2023-07-17,34503400,68917000,2293000
2023-07-18,21885100,130418000,2151500
2023-07-19,17177000,209965000,1599500
2023-07-20,15277500,239897000,1918500
2023-07-21,19901000,173400000,2560200
2023-07-24,13911900,82644000,3944900
2023-07-25,15335400,48598000,14609900
2023-07-26,14983700,60092000,7091400
2023-07-27,16691400,65945000,5155100
2023-07-28,13638300,64242000,2965600
2023-07-31,20837800,65876000,1873700
2023-08-01,13717500,57115000,1684500
2023-08-02,15162700,49122000,2163900
2023-08-03,14145400,62439000,1682100
2023-08-04,11533900,54418000,1456700
2023-08-07,10818400,47813000,1646200
2023-08-08,16767900,37672000,2483900
2023-08-09,32517900,38466000,1671100
2023-08-10,56716800,54676000,2643600
2023-08-11,21998900,39279000,1578500
2023-08-14,13676400,39660000,1942900
2023-08-15,13677900,33680000,2125300
2023-08-16,12182700,39670000,1584900
2023-08-17,14206000,60315000,1129300
2023-08-18,12364400,43122000,1587300
2023-08-21,11215000,38616000,1234700
2023-08-22,9835300,35997000,871000
2023-08-23,7576000,81747000,1629300
2023-08-24,27531000,56878000,1415800
2023-08-25,16050900,53909000,1360400
2023-08-28,12166400,29286000,1530400
2023-08-29,11210700,44867000,1045700
2023-08-30,11816600,36254000,1624600
2023-08-31,10448000,38030000,2305400
2023-09-01,27701900,47934000,1454400
2023-09-05,12741700,61559000,1710300
2023-09-06,15518500,38623000,2066500
2023-09-07,14768000,29227000,1892700
2023-09-08,16220900,26975000,1713200
2023-09-11,26579100,29138000,1102200
2023-09-12,16594600,31240000,1059700
2023-09-13,9772700,118430000,1249500
2023-09-14,22371900,107090000,1491600
2023-09-15,21631200,91167000,1497600
2023-09-18,11894200,47047000,1208800
2023-09-19,21478900,40768000,1281900
2023-09-20,12715200,38666000,1707400
2023-09-21,14378000,55479000,1610800
2023-09-22,11495300,36928000,1205900
2023-09-25,11034400,37573000,1436800
2023-09-26,14867900,40894000,1327200
2023-09-27,14662500,38435000,703800
2023-09-28,12229800,43699000,995400
2023-09-29,11261400,42053000,1477400
2023-10-02,9128100,31021000,999100
2023-10-03,12586200,88781000,1226200
2023-10-04,12010500,43037000,1433600
2023-10-05,15466600,50348000,1299100
2023-10-06,15391100,47781000,1156500
2023-10-09,13604400,32998000,1412000
2023-10-10,9450600,72889000,1601400
2023-10-11,9499200,91514000,1531600
2023-10-12,9554900,73761000,1992700
2023-10-13,10808000,63126000,1759000
2023-10-16,10275100,51289000,1396300
2023-10-17,9985700,59084000,1048600
2023-10-18,10047000,114296000,1736100
2023-10-19,14316800,280744000,1678100
2023-10-20,10437000,127829000,1941900
2023-10-23,10772500,73900000,3272700
2023-10-24,11499500,64592000,7498600
2023-10-25,9372500,62996000,4657800
2023-10-26,11651000,68497000,2981500
2023-10-27,10300600,49976000,1971300
2023-10-30,10291200,53171000,1959300
2023-10-31,8672200,38776000,1566400
2023-11-01,9093000,48061000,1366100
2023-11-02,11518500,44760000,2154900
2023-11-03,11331800,36671000,1370100
2023-11-06,14160900,30032000,1127200
2023-11-07,10540200,32911000,1474000
2023-11-08,26942600,23568000,1403300
2023-11-09,51062700,27355000,1451000
2023-11-10,25175700,44406000,977400
2023-11-13,12834400,28961000,1307500
2023-11-14,13152000,40609000,1236100
2023-11-15,20593100,50353000,1248100
2023-11-16,12923900,36560000,1301500
2023-11-17,12189300,27985000,1024200
2023-11-20,14105300,36176000,1317300
2023-11-21,7654800,29977000,1479400
2023-11-22,7328200,28416000,1229900
2023-11-24,5440500,14047000,499100
2023-11-27,11049500,36259000,1204300
2023-11-28,18660300,28902000,845900
2023-11-29,13857000,28555000,1013300
2023-11-30,13396700,42873000,1597400
2023-12-01,11898200,43415000,1628200
2023-12-04,12602800,51577000,6862800
2023-12-05,12357000,33807000,3133100
2023-12-06,10462000,41788000,1864600
2023-12-07,10264700,35067000,1238700
2023-12-08,9498200,34584000,1729700
2023-12-11,10811000,49297000,1593200
2023-12-12,13218400,33027000,1254500
2023-12-13,10173200,58202000,2161500
2023-12-14,12439300,51764000,2048600
2023-12-15,17551600,78410000,2246000
2023-12-18,9083600,64107000,2576900
2023-12-19,8804000,38490000,1530100
2023-12-20,13060600,45637000,1166400
2023-12-21,13037200,27562000,1556900
2023-12-22,9419800,27027000,1328200
2023-12-26,8086900,20345000,1121000
2023-12-27,11123500,25613000,742500
2023-12-28,8479600,17105000,721900
2023-12-29,9211000,27406000,1389600
2024-01-02,10587600,50494000,1385700
2024-01-03,11929800,34437000,977300
2024-01-04,12087400,36365000,2576800
2024-01-05,9092100,26313000,1395700
2024-01-08,11103700,36758000,1545100
2024-01-09,11255100,35268000,1130900
2024-01-10,15091600,43424000,1860600
2024-01-11,9642200,79933000,2041300
2024-01-12,11919400,50037000,1927800
2024-01-16,16780900,46790000,2141100
2024-01-17,15735200,48946000,3335700
2024-01-18,12203200,40544000,2474500
2024-01-19,19790100,56724000,1323700
2024-01-22,15119400,52123000,1169000
2024-01-23,11559400,155060000,1148000
2024-01-24,10454900,264328000,1896700
2024-01-25,8661600,94519000,1218000
2024-01-26,7812800,127706000,1545400
2024-01-29,13422200,69054000,1287000
2024-01-30,9139600,61818000,1797000
2024-01-31,9592300,48576000,1191600
2024-02-01,8484800,31740000,1174400
2024-02-02,9321300,40328000,1725100
2024-02-05,11679300,41431000,3812100
2024-02-06,16455500,28403000,7777000
2024-02-07,28886300,43736000,4757700
2024-02-08,60558400,31755000,2749000
2024-02-09,21509100,30557000,2049200
2024-02-12,13424000,36085000,2824300
2024-02-13,14594500,35115000,1798300
2024-02-14,11405500,56342000,1623600
2024-02-15,9961900,52209000,1808000
2024-02-16,8782200,43257000,1548400
2024-02-20,9770900,31242000,2222400
2024-02-21,10427500,22706000,1896700
2024-02-22,9266200,35266000,1728300
2024-02-23,11724000,25689000,2492800
2024-02-26,8694200,23937000,1754800
2024-02-27,7595000,44894000,1529900
2024-02-28,10773000,26052000,1657500
2024-02-29,11658300,35721000,1336500
2024-03-01,7242400,42703000,2351200
2024-03-04,11558900,30203000,2793000
2024-03-05,14929600,38496000,2482500
2024-03-06,14743900,24696000,1181300
2024-03-07,8609300,27428000,921300
2024-03-08,10009200,27772000,1968100
2024-03-11,8794300,25009000,2489400
2024-03-12,8085000,28216000,1351000
2024-03-13,7267900,21921000,924800
2024-03-14,10520500,31205000,847100
2024-03-15,15364200,66716000,1432100
2024-03-18,11820800,33442000,885900
2024-03-19,10999700,21426000,1067500
2024-03-20,11699600,26395000,1587600
2024-03-21,10353500,25077000,1097400
2024-03-22,7144800,21357000,868000
2024-03-25,12103600,18033000,824700
2024-03-26,11870000,28045000,1956400
2024-03-27,10782800,26283000,1427200
2024-03-28,15367400,37088000,1371700
2024-04-01,8419700,21159000,1122600
2024-04-02,15517100,20292000,1930600
2024-04-03,22480400,29312000,4630800
2024-04-04,13815400,30643000,3554000
2024-04-05,9653900,33788000,2988400
2024-04-08,6266000,21457000,1721200
2024-04-09,7451100,21436000,2541100
2024-04-10,6746300,28062000,1511200
2024-04-11,6559400,26627000,1134500
2024-04-12,12155200,29593000,1419800
2024-04-15,9637100,30854000,1944000
2024-04-16,9291400,35191000,1585700
2024-04-17,7379000,33122000,1471300
2024-04-18,8235600,84684000,2027200
2024-04-19,9436000,164497000,4245500
2024-04-22,6901700,85977000,5589200
2024-04-23,6839300,49755000,11386200
2024-04-24,6157200,53553000,8241500
2024-04-25,8045900,38071000,3711400
2024-04-26,6304800,43326000,2477200
2024-04-29,7151200,25089000,1680600
2024-04-30,8156600,33615000,1258100
2024-05-01,6338400,34732000,1671600
2024-05-02,6799800,30682000,1628000
2024-05-03,7411100,33075000,1503900
2024-05-06,16303200,36863000,1395100
2024-05-07,55084600,36141000,1332100
2024-05-08,15238100,30939000,2108700
2024-05-09,15096000,20654000,844700
2024-05-10,15884600,26536000,943800
2024-05-13,9666400,20862000,898800
2024-05-14,11278400,27924000,917900
2024-05-15,20745600,56706000,2013600
2024-05-16,9476700,30564000,1316100
2024-05-17,7356000,37827000,893600
2024-05-20,7667400,38579000,1487500
2024-05-21,7333300,29202000,1028900
2024-05-22,7190300,21762000,1376800
2024-05-23,10504000,23139000,1013300
2024-05-24,6451600,26153000,1165600
2024-05-28,7813100,26095000,1080600
2024-05-29,7376300,36959000,1102600
2024-05-30,7300600,23889000,703900
2024-05-31,14735800,40710000,1478300
2024-06-03,6908600,23235000,2279200
2024-06-04,7269100,30082000,3484800
2024-06-05,10796900,26826000,1822700
2024-06-06,10294700,24667000,1229200
2024-06-07,6047800,18766000,2137700
2024-06-10,7621900,20644000,1547700
2024-06-11,9134200,21674000,1808800
2024-06-12,9041800,20944000,1139400
2024-06-13,10164600,18636000,2135600
2024-06-14,7087600,44471000,2047100
2024-06-17,10389000,36312000,1326000
2024-06-18,7044700,29438000,1218500
2024-06-20,7886900,25851000,1476200
2024-06-21,14137300,45064000,1397900
2024-06-24,7393600,39163000,1484900
2024-06-25,10296100,22706000,1038600
2024-06-26,10122300,35458000,1245600
2024-06-27,8365200,24048000,1492600
2024-06-28,21439400,34124000,4935000
2024-07-01,15299000,22128000,1080500
2024-07-02,13340300,24114000,913200
2024-07-03,5030000,14035000,661800
2024-07-05,8550800,26591000,939700
2024-07-08,8167600,19308000,1733300
2024-07-09,9044400,25961000,1448600
2024-07-10,7761100,26519000,2220300
2024-07-11,7422600,51066000,2288400
2024-07-12,6465700,33552000,1244500
2024-07-15,7417700,32088000,1145500
2024-07-16,10755500,26857000,1424700
2024-07-17,9456100,40173000,1982100
2024-07-18,7529400,75758000,1817300
2024-07-19,9301000,98156000,1782400
2024-07-22,13377000,52191000,3122100
2024-07-23,22534700,24636000,6669200
2024-07-24,11768500,48882000,5691200
2024-07-25,10765300,45545000,2716300
2024-07-26,11301900,31207000,1986600
2024-07-29,13024800,24005000,1736800
2024-07-30,9896100,34966000,2508300
2024-07-31,10241800,31349000,2118000
2024-08-01,9263600,37206000,2642500
2024-08-02,15433600,35230000,2977800
2024-08-05,19103200,40442000,3183800
2024-08-06,21717500,43191000,1540300
2024-08-07,30581900,31878000,1320700
2024-08-08,21890500,32835000,1445100
2024-08-09,16008400,19808000,1212900
2024-08-12,11754600,23317000,918900
2024-08-13,14615200,26396000,2081300
2024-08-14,9475100,40143000,1831000
2024-08-15,12401000,32102000,2115600
2024-08-16,10277700,35110000,1513200
2024-08-19,9723600,30162000,2043200
2024-08-20,8863400,48131000,1557000
2024-08-21,7637600,22353000,1756400
2024-08-22,7613000,27294000,1706700
2024-08-23,7369200,23545000,1490300
2024-08-26,8043800,13542000,1184600
2024-08-27,7237400,31649000,1412900
2024-08-28,8569700,24306000,976900
2024-08-29,6181800,21870000,1453000
2024-08-30,8403600,32667000,1077100
2024-09-03,8465500,31610000,1632800
2024-09-04,6317200,17853000,825800
2024-09-05,6234100,18101000,1542600
2024-09-06,7791500,29913000,1162300
2024-09-09,8750200,26831000,828000
2024-09-10,6858300,20792000,741400
2024-09-11,10779000,23919000,1058700
2024-09-12,7173300,25821000,944000
2024-09-13,7084200,22765000,994400
2024-09-16,9028600,18437000,1129600
2024-09-17,8193100,22986000,950600
2024-09-18,10289800,29844000,1150200
2024-09-19,10912400,42285000,2811800
2024-09-20,19251500,39981000,1434100
2024-09-23,7338700,32243000,1777600
2024-09-24,7860300,35657000,2547800
2024-09-25,8408200,22598000,1667500
2024-09-26,10061600,28330000,1781100
2024-09-27,10155400,23956000,2904200
2024-09-30,7982300,17099000,1553300
2024-10-01,10099200,28135000,1565900
2024-10-02,6144200,17582000,1504500
2024-10-03,6180300,22564000,947000
2024-10-04,6308900,22290000,1095000
2024-10-07,11043600,33605000,1749200
2024-10-08,10209100,31874000,1023500
2024-10-09,8654500,19811000,1061200
2024-10-10,6698000,27679000,1681000
2024-10-11,8089100,22995000,1260700
2024-10-14,6262000,27971000,949500
2024-10-15,6535800,29328000,1085300
2024-10-16,9936300,24943000,997000
2024-10-17,9542500,89267000,1242600
2024-10-18,8609700,159741000,1681000
2024-10-21,8189900,60571000,1092000
2024-10-22,5344300,29873000,1945600
2024-10-23,5388500,37490000,1289800
2024-10-24,5015300,26430000,897600
2024-10-25,6638100,28195000,789800
2024-10-28,8146400,28624000,1301100
2024-10-29,6834400,36604000,1922900
2024-10-30,7718200,17220000,1345900
2024-10-31,8147700,30577000,1786500
2024-11-01,7944900,29968000,1545700
2024-11-04,6088000,19022000,1235300
2024-11-05,6561700,22006000,1019500
2024-11-06,11325100,36908000,2029700
2024-11-07,7805100,32951000,2694500
2024-11-08,7982100,19106000,2038300
2024-11-11,9137900,23992000,3289900
2024-11-12,9366200,28141000,6596700
2024-11-13,17701300,27678000,12048800
2024-11-14,47436100,30382000,5040200
2024-11-15,32048000,36737000,3024200
2024-11-18,14226200,40812000,2949700
2024-11-19,12166800,38142000,2799600
2024-11-20,9319300,40938000,2386400
2024-11-21,10261000,45113000,2181500
2024-11-22,10098000,32140000,2296200
2024-11-25,10397800,60142000,27687700
2024-11-26,6808100,31383000,2660800
2024-11-27,8142400,25782000,2045400
2024-11-29,5095200,20272000,981200
2024-12-02,8390500,23890000,2040000
2024-12-03,9194000,24016000,2160300
2024-12-04,7996200,26896000,2489000
2024-12-05,9823600,28353000,2241000
2024-12-06,6677900,29554000,1841200
2024-12-09,8666100,33501000,2903300
2024-12-10,7526400,23886000,2783800
2024-12-11,6426800,35017000,1949000
2024-12-12,5285100,24862000,1607400
2024-12-13,6864500,24858000,1431700
2024-12-16,10528500,26749000,1398500
2024-12-17,12238600,24595000,1915400
2024-12-18,12292800,29382000,3386800
2024-12-19,9468500,28155000,1858000
2024-12-20,17955300,45305000,1834600
2024-12-23,6037200,23394000,1658900
2024-12-24,2475000,23203000,522300
2024-12-26,4781400,23403000,1145900
2024-12-27,4523800,32262000,963700
2024-12-30,5716300,22030000,1604800
2024-12-31,4757500,18759000,763800
2025-01-02,5688100,23123000,1092300
2025-01-03,5393100,29673000,1185700
2025-01-06,6274400,34577000,1751900
2025-01-07,7878800,26498000,1261000
2025-01-08,7805300,23479000,2154800
2025-01-10,8835500,48033000,2966200
2025-01-13,6690200,30245000,1344900
2025-01-14,5501600,30377000,1140500
2025-01-15,6296900,31814000,2053700
2025-01-16,7872800,40285000,1376900
2025-01-17,7144300,36176000,2021300
2025-01-21,8643700,98514000,2133300
2025-01-22,8781700,142732000,1867100
2025-01-23,7608300,77521000,892700
2025-01-24,8304500,45504000,1778100
2025-01-27,10176900,46342000,2445400
2025-01-28,6516800,34340000,2243400
2025-01-29,7607100,29307000,1902100
2025-01-30,6236200,38678000,2045500
2025-01-31,7793400,36151000,1561400
2025-02-03,8870700,37242000,2536300
2025-02-04,13521100,60001000,6757300
2025-02-05,23310000,39934000,4609100
2025-02-06,12470800,31343000,1857100
2025-02-07,8669300,32129000,2318500
2025-02-10,8239500,32966000,2133500
2025-02-11,7456700,33318000,1662100
2025-02-12,6521200,33890000,1804700
2025-02-13,6553200,34761000,1630100
2025-02-14,5964500,31454000,2120600
2025-02-18,8362900,42293000,1934400
2025-02-19,8452100,26000000,1474400
2025-02-20,5970100,31118000,1907700
2025-02-21,9082100,37387000,2198700
2025-02-24,7093300,44262000,2078600
2025-02-25,7289000,47383000,2822800
2025-02-26,7831600,33972000,2628900
2025-02-27,7854700,37666000,1191800
2025-02-28,14609400,47174000,4531900
2025-03-03,7884700,39074000,1576800
2025-03-04,12658000,43928000,2987500
2025-03-05,9956100,38079000,1790200
2025-03-06,11618800,78526000,2964300
2025-03-07,12715900,77375000,3827000
2025-03-10,10947100,69953000,5814600
2025-03-11,16906000,73989000,4055800
2025-03-12,11891800,68658000,3695500
2025-03-13,11059500,50017000,2532100
2025-03-14,10199800,52007000,3240400
2025-03-17,8332100,75431000,2802900
2025-03-18,6727000,60094000,2288700
2025-03-19,8614600,66624000,2239700
2025-03-20,7836500,44663000,2526700
2025-03-21,15089900,59054000,2544200
2025-03-24,8224400,46779000,1923100
2025-03-25,7365200,37822000,1573400
2025-03-26,6314000,35274000,2825600
2025-03-27,6598800,30472000,2206100
2025-03-28,7679700,44227000,1921300
2025-03-31,10554000,46341000,3179600
