ticker,valuation_date,maturity_years,maturity_days,strike,moneyness,spot_price,call_price,implied_vol,heston_v0,heston_kappa,heston_theta,heston_sigma,heston_rho,risk_free_rate
NFLX,2025-04-01,0.25,91,595.0,0.7,850.0,262.5228583897016,0.28073717224313854,0.04,2.0,0.06,0.3,-0.7,0.05
NFLX,2025-04-01,0.25,91,680.0,0.8,850.0,179.7129992769593,0.25684232094758963,0.04,2.0,0.06,0.3,-0.7,0.05
NFLX,2025-04-01,0.25,91,722.5,0.85,850.0,139.8247477536387,0.2462716964199228,0.04,2.0,0.06,0.3,-0.7,0.05
NFLX,2025-04-01,0.25,91,765.0,0.9,850.0,102.43537761349774,0.23646438353449423,0.04,2.0,0.06,0.3,-0.7,0.05
NFLX,2025-04-01,0.25,91,807.5,0.95,850.0,69.31969514170646,0.22732943285108537,0.04,2.0,0.06,0.3,-0.7,0.05
NFLX,2025-04-01,0.25,91,850.0,1.0,850.0,42.3667660900208,0.21879073747704067,0.04,2.0,0.06,0.3,-0.7,0.05
NFLX,2025-04-01,0.25,91,892.5,1.05,850.0,22.809006076508297,0.21078401407610745,0.04,2.0,0.06,0.3,-0.7,0.05
NFLX,2025-04-01,0.25,91,935.0000000000001,1.1,850.0,10.534532296162013,0.20325450862383623,0.04,2.0,0.06,0.3,-0.7,0.05
NFLX,2025-04-01,0.25,91,977.4999999999999,1.15,850.0,4.062464562820921,0.19615522863967352,0.04,2.0,0.06,0.3,-0.7,0.05
NFLX,2025-04-01,0.25,91,1020.0,1.2,850.0,1.2729279105032205,0.1894455639581978,0.04,2.0,0.06,0.3,-0.7,0.05
NFLX,2025-04-01,0.25,91,1105.0,1.3,850.0,0.06012895885785241,0.17705824186788102,0.04,2.0,0.06,0.3,-0.7,0.05
NFLX,2025-04-01,0.5,182,595.0,0.7,850.0,271.090444077799,0.2791987643079934,0.04,2.0,0.06,0.3,-0.7,0.05
NFLX,2025-04-01,0.5,182,680.0,0.8,850.0,192.42173462948824,0.2600048587002066,0.04,2.0,0.06,0.3,-0.7,0.05
NFLX,2025-04-01,0.5,182,722.5,0.85,850.0,155.6406254622775,0.2515138425022031,0.04,2.0,0.06,0.3,-0.7,0.05
NFLX,2025-04-01,0.5,182,765.0,0.9,850.0,121.63798389602209,0.24363596808228521,0.04,2.0,0.06,0.3,-0.7,0.05
NFLX,2025-04-01,0.5,182,807.5,0.95,850.0,91.30376296357298,0.23629817890835558,0.04,2.0,0.06,0.3,-0.7,0.05
NFLX,2025-04-01,0.5,182,850.0,1.0,850.0,65.41136423495226,0.229439340952181,0.04,2.0,0.06,0.3,-0.7,0.05
NFLX,2025-04-01,0.5,182,892.5,1.05,850.0,44.441323505740684,0.2230078176384621,0.04,2.0,0.06,0.3,-0.7,0.05
NFLX,2025-04-01,0.5,182,935.0000000000001,1.1,850.0,28.453402655444393,0.21695962695768853,0.04,2.0,0.06,0.3,-0.7,0.05
NFLX,2025-04-01,0.5,182,977.4999999999999,1.15,850.0,17.06127185563969,0.2112570214794677,0.04,2.0,0.06,0.3,-0.7,0.05
NFLX,2025-04-01,0.5,182,1020.0,1.2,850.0,9.524495508722708,0.20586738046587683,0.04,2.0,0.06,0.3,-0.7,0.05
NFLX,2025-04-01,0.5,182,1105.0,1.3,850.0,2.3425381173116477,0.19591707410096207,0.04,2.0,0.06,0.3,-0.7,0.05
NFLX,2025-04-01,1.0,365,595.0,0.7,850.0,289.697549328273,0.2733926231102335,0.04,2.0,0.06,0.3,-0.7,0.05
NFLX,2025-04-01,1.0,365,680.0,0.8,850.0,217.70418954641025,0.2602651486718951,0.04,2.0,0.06,0.3,-0.7,0.05
NFLX,2025-04-01,1.0,365,722.5,0.85,850.0,184.59411247205162,0.2544578054259437,0.04,2.0,0.06,0.3,-0.7,0.05
NFLX,2025-04-01,1.0,365,765.0,0.9,850.0,153.9579188448866,0.24906981419637567,0.04,2.0,0.06,0.3,-0.7,0.05
NFLX,2025-04-01,1.0,365,807.5,0.95,850.0,126.15035268146272,0.24405120871904132,0.04,2.0,0.06,0.3,-0.7,0.05
NFLX,2025-04-01,1.0,365,850.0,1.0,850.0,101.43553893696742,0.23936017700375253,0.04,2.0,0.06,0.3,-0.7,0.05
NFLX,2025-04-01,1.0,365,892.5,1.05,850.0,79.95959435810568,0.23496140274562707,0.04,2.0,0.06,0.3,-0.7,0.05
NFLX,2025-04-01,1.0,365,935.0000000000001,1.1,850.0,61.73728282026576,0.2308248049013696,0.04,2.0,0.06,0.3,-0.7,0.05
NFLX,2025-04-01,1.0,365,977.4999999999999,1.15,850.0,46.654528121856,0.2269245665039847,0.04,2.0,0.06,0.3,-0.7,0.05
NFLX,2025-04-01,1.0,365,1020.0,1.2,850.0,34.4854835982712,0.22323837693509202,0.04,2.0,0.06,0.3,-0.7,0.05
NFLX,2025-04-01,1.0,365,1105.0,1.3,850.0,17.598278558791947,0.21643296718012986,0.04,2.0,0.06,0.3,-0.7,0.05
NFLX,2025-04-01,1.5,547,595.0,0.7,850.0,307.7892092528315,0.2678409547503767,0.04,2.0,0.06,0.3,-0.7,0.05
NFLX,2025-04-01,1.5,547,680.0,0.8,850.0,240.46107211933463,0.2582234342408689,0.04,2.0,0.06,0.3,-0.7,0.05
NFLX,2025-04-01,1.5,547,722.5,0.85,850.0,209.57299913234374,0.2539688273828602,0.04,2.0,0.06,0.3,-0.7,0.05
NFLX,2025-04-01,1.5,547,765.0,0.9,850.0,180.85931686495445,0.25002144844117413,0.04,2.0,0.06,0.3,-0.7,0.05
NFLX,2025-04-01,1.5,547,807.5,0.95,850.0,154.5035183234255,0.24634469086422311,0.04,2.0,0.06,0.3,-0.7,0.05
NFLX,2025-04-01,1.5,547,850.0,1.0,850.0,130.62761539454976,0.24290792212820628,0.04,2.0,0.06,0.3,-0.7,0.05
NFLX,2025-04-01,1.5,547,892.5,1.05,850.0,109.28659761282842,0.23968526861302097,0.04,2.0,0.06,0.3,-0.7,0.05
NFLX,2025-04-01,1.5,547,935.0000000000001,1.1,850.0,90.46844367420607,0.2366546921838988,0.04,2.0,0.06,0.3,-0.7,0.05
NFLX,2025-04-01,1.5,547,977.4999999999999,1.15,850.0,74.09912077998803,0.2337972786764483,0.04,2.0,0.06,0.3,-0.7,0.05
NFLX,2025-04-01,1.5,547,1020.0,1.2,850.0,60.05149127490512,0.2310966827661472,0.04,2.0,0.06,0.3,-0.7,0.05
NFLX,2025-04-01,1.5,547,1105.0,1.3,850.0,38.21710794573167,0.22611086708611014,0.04,2.0,0.06,0.3,-0.7,0.05
NFLX,2025-04-01,2.0,730,595.0,0.7,850.0,324.8869913875798,0.26351921510735205,0.04,2.0,0.06,0.3,-0.7,0.05
NFLX,2025-04-01,2.0,730,680.0,0.8,850.0,261.118267975305,0.25606717265253587,0.04,2.0,0.06,0.3,-0.7,0.05
NFLX,2025-04-01,2.0,730,722.5,0.85,850.0,231.83349954706182,0.25277053180803866,0.04,2.0,0.06,0.3,-0.7,0.05
NFLX,2025-04-01,2.0,730,765.0,0.9,850.0,204.4888371002038,0.24971194353368967,0.04,2.0,0.06,0.3,-0.7,0.05
NFLX,2025-04-01,2.0,730,807.5,0.95,850.0,179.19002356523777,0.24686304359815855,0.04,2.0,0.06,0.3,-0.7,0.05
NFLX,2025-04-01,2.0,730,850.0,1.0,850.0,155.9990152190823,0.24420009668758388,0.04,2.0,0.06,0.3,-0.7,0.05
NFLX,2025-04-01,2.0,730,892.5,1.05,850.0,134.93395860365086,0.24170305487846247,0.04,2.0,0.06,0.3,-0.7,0.05
NFLX,2025-04-01,2.0,730,935.0000000000001,1.1,850.0,115.97170504651274,0.23935484213588948,0.04,2.0,0.06,0.3,-0.7,0.05
NFLX,2025-04-01,2.0,730,977.4999999999999,1.15,850.0,99.05230402335474,0.2371408030030968,0.04,2.0,0.06,0.3,-0.7,0.05
NFLX,2025-04-01,2.0,730,1020.0,1.2,850.0,84.08484525480316,0.23504827246396554,0.04,2.0,0.06,0.3,-0.7,0.05
NFLX,2025-04-01,2.0,730,1105.0,1.3,850.0,59.52690627068915,0.23118506155811994,0.04,2.0,0.06,0.3,-0.7,0.05
SPOT,2025-04-01,0.25,91,244.99999999999997,0.7,350.0,108.05290784239554,0.23864004050247128,0.03,1.8,0.05,0.25,-0.6,0.05
SPOT,2025-04-01,0.25,91,280.0,0.8,350.0,73.6808298372884,0.22095201978568257,0.03,1.8,0.05,0.25,-0.6,0.05
SPOT,2025-04-01,0.25,91,297.5,0.85,350.0,56.913543104287044,0.21315844067099793,0.03,1.8,0.05,0.25,-0.6,0.05
SPOT,2025-04-01,0.25,91,315.0,0.9,350.0,41.044423824900264,0.20594599176784623,0.03,1.8,0.05,0.25,-0.6,0.05
SPOT,2025-04-01,0.25,91,332.5,0.95,350.0,26.958703006143566,0.19924466600932475,0.03,1.8,0.05,0.25,-0.6,0.05
SPOT,2025-04-01,0.25,91,350.0,1.0,350.0,15.671049213308208,0.1929959506506925,0.03,1.8,0.05,0.25,-0.6,0.05
SPOT,2025-04-01,0.25,91,367.5,1.05,350.0,7.822210322251308,0.18715047993649644,0.03,1.8,0.05,0.25,-0.6,0.05
SPOT,2025-04-01,0.25,91,385.00000000000006,1.1,350.0,3.255175240314273,0.18166625291334498,0.03,1.8,0.05,0.25,-0.6,0.05
SPOT,2025-04-01,0.25,91,402.49999999999994,1.15,350.0,1.0988880812489903,0.17650726143452644,0.03,1.8,0.05,0.25,-0.6,0.05
SPOT,2025-04-01,0.25,91,420.0,1.2,350.0,0.2936149759976612,0.17164242063880356,0.03,1.8,0.05,0.25,-0.6,0.05
SPOT,2025-04-01,0.25,91,455.0,1.3,350.0,0.009543000390394851,0.1626905799860553,0.03,1.8,0.05,0.25,-0.6,0.05
SPOT,2025-04-01,0.5,182,244.99999999999997,0.7,350.0,111.27004814019787,0.24199222088759245,0.03,1.8,0.05,0.25,-0.6,0.05
SPOT,2025-04-01,0.5,182,280.0,0.8,350.0,78.2322454158379,0.2275090205514513,0.03,1.8,0.05,0.25,-0.6,0.05
SPOT,2025-04-01,0.5,182,297.5,0.85,350.0,62.639220456338734,0.22112752827140175,0.03,1.8,0.05,0.25,-0.6,0.05
SPOT,2025-04-01,0.5,182,315.0,0.9,350.0,48.19116667131786,0.2152218735884343,0.03,1.8,0.05,0.25,-0.6,0.05
SPOT,2025-04-01,0.5,182,332.5,0.95,350.0,35.35779169975635,0.2097347337307629,0.03,1.8,0.05,0.25,-0.6,0.05
SPOT,2025-04-01,0.5,182,350.0,1.0,350.0,24.552897195502055,0.20461819763937913,0.03,1.8,0.05,0.25,-0.6,0.05
SPOT,2025-04-01,0.5,182,367.5,1.05,350.0,16.019356911161083,0.19983184393885509,0.03,1.8,0.05,0.25,-0.6,0.05
SPOT,2025-04-01,0.5,182,385.00000000000006,1.1,350.0,9.753871936489233,0.19534128165735623,0.03,1.8,0.05,0.25,-0.6,0.05
SPOT,2025-04-01,0.5,182,402.49999999999994,1.15,350.0,5.509045363724354,0.19111702681751117,0.03,1.8,0.05,0.25,-0.6,0.05
SPOT,2025-04-01,0.5,182,420.0,1.2,350.0,2.8711971093504616,0.18713362669739425,0.03,1.8,0.05,0.25,-0.6,0.05
SPOT,2025-04-01,0.5,182,455.0,1.3,350.0,0.6023520528240471,0.17980373356650783,0.03,1.8,0.05,0.25,-0.6,0.05
SPOT,2025-04-01,1.0,365,244.99999999999997,0.7,350.0,118.27720312361248,0.24237258009137017,0.03,1.8,0.05,0.25,-0.6,0.05
SPOT,2025-04-01,1.0,365,280.0,0.8,350.0,87.81057795453037,0.23218676500698968,0.03,1.8,0.05,0.25,-0.6,0.05
SPOT,2025-04-01,1.0,365,297.5,0.85,350.0,73.74987362655071,0.22769875829449643,0.03,1.8,0.05,0.25,-0.6,0.05
SPOT,2025-04-01,1.0,365,315.0,0.9,350.0,60.75770424800962,0.22354540094551292,0.03,1.8,0.05,0.25,-0.6,0.05
SPOT,2025-04-01,1.0,365,332.5,0.95,350.0,49.02498678587031,0.21968637872423594,0.03,1.8,0.05,0.25,-0.6,0.05
SPOT,2025-04-01,1.0,365,350.0,1.0,350.0,38.69399370981745,0.21608799650968186,0.03,1.8,0.05,0.25,-0.6,0.05
SPOT,2025-04-01,1.0,365,367.5,1.05,350.0,29.840546509197196,0.2127218265617097,0.03,1.8,0.05,0.25,-0.6,0.05
SPOT,2025-04-01,1.0,365,385.00000000000006,1.1,350.0,22.466263484733247,0.2095636822315438,0.03,1.8,0.05,0.25,-0.6,0.05
SPOT,2025-04-01,1.0,365,402.49999999999994,1.15,350.0,16.501895521563057,0.2065928278851746,0.03,1.8,0.05,0.25,-0.6,0.05
SPOT,2025-04-01,1.0,365,420.0,1.2,350.0,11.820125700101741,0.20379136300939282,0.03,1.8,0.05,0.25,-0.6,0.05
SPOT,2025-04-01,1.0,365,455.0,1.3,350.0,5.619140683756385,0.19863636036586993,0.03,1.8,0.05,0.25,-0.6,0.05
SPOT,2025-04-01,1.5,547,244.99999999999997,0.7,350.0,125.29934173036995,0.24016315149580386,0.03,1.8,0.05,0.25,-0.6,0.05
SPOT,2025-04-01,1.5,547,280.0,0.8,350.0,96.73115484485308,0.2325745891350653,0.03,1.8,0.05,0.25,-0.6,0.05
SPOT,2025-04-01,1.5,547,297.5,0.85,350.0,83.60420341421718,0.22923096680037416,0.03,1.8,0.05,0.25,-0.6,0.05
SPOT,2025-04-01,1.5,547,315.0,0.9,350.0,71.42292961201463,0.2261366625166135,0.03,1.8,0.05,0.25,-0.6,0.05
SPOT,2025-04-01,1.5,547,332.5,0.95,350.0,60.28926221427503,0.22326164166309903,0.03,1.8,0.05,0.25,-0.6,0.05
SPOT,2025-04-01,1.5,547,350.0,1.0,350.0,50.272264953267296,0.22058080094424584,0.03,1.8,0.05,0.25,-0.6,0.05
SPOT,2025-04-01,1.5,547,367.5,1.05,350.0,41.4040137292115,0.21807296133048712,0.03,1.8,0.05,0.25,-0.6,0.05
SPOT,2025-04-01,1.5,547,385.00000000000006,1.1,350.0,33.67931465550714,0.21572010345950265,0.03,1.8,0.05,0.25,-0.6,0.05
SPOT,2025-04-01,1.5,547,402.49999999999994,1.15,350.0,27.05885004565448,0.21350677901905948,0.03,1.8,0.05,0.25,-0.6,0.05
SPOT,2025-04-01,1.5,547,420.0,1.2,350.0,21.47490439508276,0.2114196518981393,0.03,1.8,0.05,0.25,-0.6,0.05
SPOT,2025-04-01,1.5,547,455.0,1.3,350.0,13.047712106310215,0.20757910907401783,0.03,1.8,0.05,0.25,-0.6,0.05
SPOT,2025-04-01,2.0,730,244.99999999999997,0.7,350.0,132.03708928374292,0.23769618454201832,0.03,1.8,0.05,0.25,-0.6,0.05
SPOT,2025-04-01,2.0,730,280.0,0.8,350.0,104.92714143178316,0.23176142504528868,0.03,1.8,0.05,0.25,-0.6,0.05
SPOT,2025-04-01,2.0,730,297.5,0.85,350.0,92.46579123316886,0.22914649042908897,0.03,1.8,0.05,0.25,-0.6,0.05
SPOT,2025-04-01,2.0,730,315.0,0.9,350.0,80.84908370186395,0.2267265390785103,0.03,1.8,0.05,0.25,-0.6,0.05
SPOT,2025-04-01,2.0,730,332.5,0.95,350.0,70.13893905593204,0.22447808192647203,0.03,1.8,0.05,0.25,-0.6,0.05
SPOT,2025-04-01,2.0,730,350.0,1.0,350.0,60.3738898274826,0.22238148652946393,0.03,1.8,0.05,0.25,-0.6,0.05
SPOT,2025-04-01,2.0,730,367.5,1.05,350.0,51.56842191546289,0.22042018948049552,0.03,1.8,0.05,0.25,-0.6,0.05
SPOT,2025-04-01,2.0,730,385.00000000000006,1.1,350.0,43.71410144729799,0.2185800984421027,0.03,1.8,0.05,0.25,-0.6,0.05
SPOT,2025-04-01,2.0,730,402.49999999999994,1.15,350.0,36.78210611207621,0.21684913180865656,0.03,1.8,0.05,0.25,-0.6,0.05
SPOT,2025-04-01,2.0,730,420.0,1.2,350.0,30.726702997774765,0.21521685985608635,0.03,1.8,0.05,0.25,-0.6,0.05
SPOT,2025-04-01,2.0,730,455.0,1.3,350.0,21.00206547442778,0.21221330043144807,0.03,1.8,0.05,0.25,-0.6,0.05
DIS,2025-04-01,0.25,91,77.0,0.7,110.0,33.956655130541876,0.19389619063974178,0.02,1.5,0.04,0.2,-0.5,0.05
DIS,2025-04-01,0.25,91,88.0,0.8,110.0,23.106251366170213,0.18146980150307299,0.02,1.5,0.04,0.2,-0.5,0.05
DIS,2025-04-01,0.25,91,93.5,0.85,110.0,17.73906728010276,0.1760244029167597,0.02,1.5,0.04,0.2,-0.5,0.05
DIS,2025-04-01,0.25,91,99.0,0.9,110.0,12.570443416821448,0.17100262508451794,0.02,1.5,0.04,0.2,-0.5,0.05
DIS,2025-04-01,0.25,91,104.5,0.95,110.0,7.926286733640538,0.16635272602446968,0.02,1.5,0.04,0.2,-0.5,0.05
DIS,2025-04-01,0.25,91,110.0,1.0,110.0,4.257376861739985,0.16203152293359635,0.02,1.5,0.04,0.2,-0.5,0.05
DIS,2025-04-01,0.25,91,115.5,1.05,110.0,1.8631773278647614,0.1580026357084443,0.02,1.5,0.04,0.2,-0.5,0.05
DIS,2025-04-01,0.25,91,121.00000000000001,1.1,110.0,0.6384666697540649,0.15423515484634193,0.02,1.5,0.04,0.2,-0.5,0.05
DIS,2025-04-01,0.25,91,126.49999999999999,1.15,110.0,0.16586656714050907,0.150702617055243,0.02,1.5,0.04,0.2,-0.5,0.05
DIS,2025-04-01,0.25,91,132.0,1.2,110.0,0.03647066553701794,0.15,0.02,1.5,0.04,0.2,-0.5,0.05
DIS,2025-04-01,0.25,91,143.0,1.3,110.0,0.0010543137037002728,0.15,0.02,1.5,0.04,0.2,-0.5,0.05
DIS,2025-04-01,0.5,182,77.0,0.7,110.0,34.91594308476583,0.2016756737714074,0.02,1.5,0.04,0.2,-0.5,0.05
DIS,2025-04-01,0.5,182,88.0,0.8,110.0,24.34384843370171,0.19119221718921448,0.02,1.5,0.04,0.2,-0.5,0.05
DIS,2025-04-01,0.5,182,93.5,0.85,110.0,19.270200958381054,0.18659823586249952,0.02,1.5,0.04,0.2,-0.5,0.05
DIS,2025-04-01,0.5,182,99.0,0.9,110.0,14.527207486838648,0.18236163991409368,0.02,1.5,0.04,0.2,-0.5,0.05
DIS,2025-04-01,0.5,182,104.5,0.95,110.0,10.31411751586002,0.17843877749835385,0.02,1.5,0.04,0.2,-0.5,0.05
DIS,2025-04-01,0.5,182,110.0,1.0,110.0,6.820493621347161,0.17479321767499936,0.02,1.5,0.04,0.2,-0.5,0.05
DIS,2025-04-01,0.5,182,115.5,1.05,110.0,4.158193072792784,0.17139426856477089,0.02,1.5,0.04,0.2,-0.5,0.05
DIS,2025-04-01,0.5,182,121.00000000000001,1.1,110.0,2.316933299882578,0.16821585353143315,0.02,1.5,0.04,0.2,-0.5,0.05
DIS,2025-04-01,0.5,182,126.49999999999999,1.15,110.0,1.171692985929397,0.16523564696051055,0.02,1.5,0.04,0.2,-0.5,0.05
DIS,2025-04-01,0.5,182,132.0,1.2,110.0,0.5349735952115875,0.16243440127497608,0.02,1.5,0.04,0.2,-0.5,0.05
DIS,2025-04-01,0.5,182,143.0,1.3,110.0,0.0809934778896979,0.157304120226599,0.02,1.5,0.04,0.2,-0.5,0.05
DIS,2025-04-01,1.0,365,77.0,0.7,110.0,36.93479591540266,0.20830406609312382,0.02,1.5,0.04,0.2,-0.5,0.05
DIS,2025-04-01,1.0,365,88.0,0.8,110.0,27.056531757430335,0.20058632067875706,0.02,1.5,0.04,0.2,-0.5,0.05
DIS,2025-04-01,1.0,365,93.5,0.85,110.0,22.45429413223465,0.1972043084540711,0.02,1.5,0.04,0.2,-0.5,0.05
DIS,2025-04-01,1.0,365,99.0,0.9,110.0,18.194261099615417,0.19408539736811567,0.02,1.5,0.04,0.2,-0.5,0.05
DIS,2025-04-01,1.0,365,104.5,0.95,110.0,14.361533849800296,0.1911974516621456,0.02,1.5,0.04,0.2,-0.5,0.05
DIS,2025-04-01,1.0,365,110.0,1.0,110.0,11.022294750586951,0.18851365148718383,0.02,1.5,0.04,0.2,-0.5,0.05
DIS,2025-04-01,1.0,365,115.5,1.05,110.0,8.21285124159531,0.18601140199499921,0.02,1.5,0.04,0.2,-0.5,0.05
DIS,2025-04-01,1.0,365,121.00000000000001,1.1,110.0,5.934595672717656,0.1836715060020913,0.02,1.5,0.04,0.2,-0.5,0.05
DIS,2025-04-01,1.0,365,126.49999999999999,1.15,110.0,4.155846099810681,0.18147752776444864,0.02,1.5,0.04,0.2,-0.5,0.05
DIS,2025-04-01,1.0,365,132.0,1.2,110.0,2.8193589007591378,0.17941529753775312,0.02,1.5,0.04,0.2,-0.5,0.05
DIS,2025-04-01,1.0,365,143.0,1.3,110.0,1.1799380685757033,0.17563847042685737,0.02,1.5,0.04,0.2,-0.5,0.05
DIS,2025-04-01,1.5,547,77.0,0.7,110.0,38.998902589653966,0.20985175411947177,0.02,1.5,0.04,0.2,-0.5,0.05
DIS,2025-04-01,1.5,547,88.0,0.8,110.0,29.69657593751718,0.2039268653945293,0.02,1.5,0.04,0.2,-0.5,0.05
DIS,2025-04-01,1.5,547,93.5,0.85,110.0,25.39691365755847,0.20133050531502242,0.02,1.5,0.04,0.2,-0.5,0.05
DIS,2025-04-01,1.5,547,99.0,0.9,110.0,21.4061779945618,0.19893612714690145,0.02,1.5,0.04,0.2,-0.5,0.05
DIS,2025-04-01,1.5,547,104.5,0.95,110.0,17.77122444771667,0.19671906036989997,0.02,1.5,0.04,0.2,-0.5,0.05
DIS,2025-04-01,1.5,547,110.0,1.0,110.0,14.525605379660028,0.19465871547085353,0.02,1.5,0.04,0.2,-0.5,0.05
DIS,2025-04-01,1.5,547,115.5,1.05,110.0,11.68659229401527,0.19273774645629654,0.02,1.5,0.04,0.2,-0.5,0.05
DIS,2025-04-01,1.5,547,121.00000000000001,1.1,110.0,9.254422609046294,0.19094141570922238,0.02,1.5,0.04,0.2,-0.5,0.05
DIS,2025-04-01,1.5,547,126.49999999999999,1.15,110.0,7.2136277019224195,0.18925710556097877,0.02,1.5,0.04,0.2,-0.5,0.05
DIS,2025-04-01,1.5,547,132.0,1.2,110.0,5.535930940843876,0.18767393794370565,0.02,1.5,0.04,0.2,-0.5,0.05
DIS,2025-04-01,1.5,547,143.0,1.3,110.0,3.1155463777562424,0.18477447972579822,0.02,1.5,0.04,0.2,-0.5,0.05
DIS,2025-04-01,2.0,730,77.0,0.7,110.0,41.01473694199222,0.2095980849924899,0.02,1.5,0.04,0.2,-0.5,0.05
DIS,2025-04-01,2.0,730,88.0,0.8,110.0,32.167079128483024,0.20487818140016031,0.02,1.5,0.04,0.2,-0.5,0.05
DIS,2025-04-01,2.0,730,93.5,0.85,110.0,28.082461790154028,0.20280986082315827,0.02,1.5,0.04,0.2,-0.5,0.05
DIS,2025-04-01,2.0,730,99.0,0.9,110.0,24.275205931875817,0.20090244371513158,0.02,1.5,0.04,0.2,-0.5,0.05
DIS,2025-04-01,2.0,730,104.5,0.95,110.0,20.77500895342508,0.19913627696821,0.02,1.5,0.04,0.2,-0.5,0.05
DIS,2025-04-01,2.0,730,110.0,1.0,110.0,17.602008720154892,0.19749495849930632,0.02,1.5,0.04,0.2,-0.5,0.05
DIS,2025-04-01,2.0,730,115.5,1.05,110.0,14.765861916681345,0.19596467008825277,0.02,1.5,0.04,0.2,-0.5,0.05
DIS,2025-04-01,2.0,730,121.00000000000001,1.1,110.0,12.265875242973195,0.19453367140798475,0.02,1.5,0.04,0.2,-0.5,0.05
DIS,2025-04-01,2.0,730,126.49999999999999,1.15,110.0,10.092011430279953,0.1931919109313997,0.02,1.5,0.04,0.2,-0.5,0.05
DIS,2025-04-01,2.0,730,132.0,1.2,110.0,8.226506803101735,0.19193072293767918,0.02,1.5,0.04,0.2,-0.5,0.05
DIS,2025-04-01,2.0,730,143.0,1.3,110.0,5.3226180153964116,0.18962094736317775,0.02,1.5,0.04,0.2,-0.5,0.05
